Hand:Center,Hand:Center,Hand:Center,Hand:Thumb,Hand:Thumb,Hand:Thumb,Hand:Root,Hand:Root,Hand:Root,Hand:Index,Hand:Index,Hand:Index,Hand:Pinky,Hand:Pinky,Hand:Pinky
X,Y,Z,X,Y,Z,X,Y,Z,X,Y,Z,X,Y,Z
792.8011325,516.59076225,309.40230199999996,766.7691955,461.12811525,292.573597,826.6245115,534.80752825,312.90040999999997,712.5736315,498.03363325,304.810566,734.3722385,577.08877825,291.73033499999997
792.7841794999999,516.4674102500001,309.381824,766.7850794999999,460.97909825,292.60963799999996,826.6020965,534.71210025,312.860096,712.5565645,497.87933625,304.794941,734.3066555,576.9180632499999,291.626606
792.7479405,516.31866725,309.365772,766.7976835,460.79660325,292.64750999999995,826.5556485,534.58758825,312.82658799999996,712.5225675,497.66510324999996,304.78691499999996,734.1968075,576.6936362499999,291.534809
792.7001805,516.15979225,309.372974,766.7987065,460.61441325,292.702228,826.4956975,534.4655182500001,312.80125799999996,712.4807435,497.42819525,304.81206099999997,734.0809635,576.48007425,291.49831
792.6365665,515.9994232500001,309.35860099999996,766.7764745,460.43332225,292.72673399999996,826.4244235,534.34820825,312.744495,712.4355245,497.18536624999996,304.84642399999996,733.9568785,576.25278025,291.48695699999996
792.5581055,515.75857825,309.27705799999995,766.7415925,460.16385125,292.683094,826.3234555,534.14148225,312.64287199999995,712.3715215,496.85888925,304.86095,733.7999725,575.96054325,291.47591
792.4485625,515.47540525,309.216633,766.6738124999999,459.85290825,292.62663599999996,826.1901095000001,533.88696525,312.558918,712.2808995,496.49164125,304.888325,733.6032865,575.63089225,291.507496
792.3070064999999,515.22970825,309.16423399999996,766.5782165,459.57004025,292.57545799999997,826.0294495,533.67010725,312.470844,712.1659165,496.14850125,304.900013,733.3807375,575.3279142499999,291.539692
792.1479955,514.99600525,309.07497,766.4557805,459.29651125,292.49776099999997,825.8581085,533.47638225,312.345081,712.0241625,495.80545324999997,304.854542,733.1467285,575.02133425,291.477802
791.9563445,514.71744025,308.912891,766.3153535,458.98782624999996,292.393421,825.6551975,533.24524225,312.16493599999995,711.8478465000001,495.43970025,304.739307,732.8897855,574.68490825,291.278889
791.7411345,514.41553025,308.764057,766.1550295,458.63858324999995,292.34099199999997,825.4262395000001,532.97482525,311.98009099999996,711.6446765000001,495.05591125,304.62355399999996,732.6167455,574.31552425,291.026142
791.5105285,514.15603925,308.622059,765.9593045,458.30896225,292.326801,825.1815035,532.7605002500001,311.773151,711.4126055,494.71362525,304.49712,732.3226165,573.98196725,290.717426
791.2498325,513.88720925,308.390949,765.7719425,457.95965824999996,292.246021,824.9224095,532.53354125,311.49657099999996,711.1722485,494.35614325,304.315662,732.0080415,573.61239925,290.322224
790.9751125,513.56308225,308.127857,765.5830384999999,457.55881024999996,292.095875,824.6326755,532.25134525,311.189777,710.9318465,493.93216225,304.10091,731.6468205,573.19620025,289.901569
790.6952054999999,513.17505125,307.877552,765.3958285,457.09842225,291.927753,824.3220524999999,531.92111425,310.92393899999996,710.6859665,493.41659825,303.90398,731.2525025,572.72012625,289.579731
790.4057615,512.79934925,307.645039,765.1974025,456.66998524999997,291.731251,824.0084075,531.62039425,310.648426,710.4218215,492.90823624999996,303.711597,730.8538364999999,572.26419325,289.333149
790.1076665,512.44812325,307.35045199999996,764.9700315,456.28399924999997,291.460621,823.6671295,531.33392625,310.321217,710.1607745,492.40747324999995,303.47923699999996,730.4502255,571.81009225,289.103931
789.7942505,512.09945925,307.034229,764.7249905,455.90362825,291.155079,823.3271635,531.03525025,309.97923699999996,709.8821185,491.92477725,303.230732,730.0381315,571.3638022499999,288.83678
789.4581145,511.75848625,306.716816,764.4605564999999,455.51843525,290.884663,822.9700625,530.72442925,309.643085,709.5741115,491.45068625,302.96721299999996,729.6062015,570.92636425,288.52086299999996
789.0932315,511.43951725,306.37706399999996,764.1757505,455.14483924999996,290.56120699999997,822.5637975,530.47586325,309.285938,709.2194445,491.03238224999996,302.62215,729.1544035,570.54043825,288.128895
788.6939545,511.10071024999996,305.98161699999997,763.8611755,454.78467025,290.125538,822.1517025,530.17633325,308.907856,708.8354035,490.60071024999996,302.154255,728.6804505,570.13693525,287.71205499999996
788.2547305,510.72122425,305.538654,763.5204165,454.39322124999995,289.566608,821.6911775,529.85919425,308.51607099999995,708.4277195,490.08456724999996,301.603779,728.1864625000001,569.68509225,287.315815
787.7841794999999,510.30264524999996,305.09367699999996,763.1271825,453.99542525,288.960407,821.2108455,529.4801972500001,308.156727,707.9874195,489.56085425,301.00575599999996,727.6579895,569.24661525,286.981922
787.2584385,509.92383125,304.663166,762.6892855,453.59509525,288.370899,820.6702725,529.1676972500001,307.78615199999996,707.4553375,489.08456724999996,300.42058199999997,727.0884854999999,568.81863625,286.663349
786.6725005,509.57721225,304.21678499999996,762.1621245,453.24923924999996,287.782398,820.0862735000001,528.85818725,307.369282,706.8997115,488.62988525,299.82942599999996,726.4608005,568.4488552500001,286.27293799999995
786.0292055,509.25995125,303.719654,761.5542295,452.92129825,287.217701,819.4364475,528.55145525,306.918293,706.2490235,488.29245225,299.226582,725.8056945,568.10104625,285.733906
785.3170015000001,509.00451925,303.201557,760.8518215,452.65173625,286.72673399999996,818.7286685,528.26800825,306.448078,705.5561215,488.01944225,298.611896,725.1206055,567.82632725,285.03718899999996
784.5471645,508.77963524999996,302.71056,760.0675355,452.41186825,286.30263099999996,817.9772184999999,528.03369425,305.980823,704.7622525,487.84347825,297.986225,724.4063115,567.60907225,284.255543
783.7143865,508.54941025,302.20583,759.2226565,452.16025025,285.86821399999997,817.1660155,527.79678625,305.494495,703.8956905,487.70312724999997,297.32640499999997,723.6657565,567.44870225,283.42058199999997
782.5992735,508.64383225,301.4688,758.3227995,451.85122924999996,285.374287,816.3118595,527.48800925,305.031727,702.9988255,487.49905624999997,296.646412,722.8714375,567.2337982500001,282.63979
781.7717285,508.18445125,301.03444299999995,756.9818265,451.90265124999996,284.822071,815.4041445,527.14889825,304.632832,702.0520015,487.26468124999997,295.996448,722.0435255,566.98526225,282.02885799999996
780.8239595,507.78872924999996,300.64748,756.3869015,451.21136724999997,284.34382999999997,814.4534145,526.78555525,304.273487,701.0565564999999,486.97384925,295.410999,721.1668315,566.70846825,281.540333
779.9129945,507.23211925,300.41835399999997,755.3848575,450.86899024999997,283.92497599999996,813.4695735,526.42297625,303.926472,700.0468065,486.64868425,294.88084799999996,720.2159725,566.37930525,281.093342
778.9479065,506.91678125,299.931477,754.3568574999999,450.48764324999996,283.62630099999996,812.4290315000001,526.05285925,303.58369799999997,699.0117265,486.30243225,294.471363,719.2105945,565.99969725,280.62154
777.8180235,506.53998025,299.748585,753.3034365,450.13391425,283.41801799999996,811.3752445,525.71469425,303.26295799999997,697.9517515,485.97433724999996,294.14235299999996,718.1672595,565.64337425,280.09093099999996
776.7445675,506.20398224999997,299.464924,752.2373195,449.77191424999995,283.253071,810.3112645,525.38144225,302.96034599999996,696.8737795,485.64721925,293.841206,717.1043395,565.27420325,279.58775699999995
775.6328585,505.85660025,299.223621,751.1504055,449.40252925,283.06532699999997,809.1994625,525.05063125,302.71049899999997,695.7680135,485.28396825,293.53682299999997,715.9983525,564.90674125,279.184132
774.4631045,505.44671925,299.01924499999996,750.0204165,448.98483525,282.823963,808.0254975,524.63855225,302.55281399999996,694.6110305,484.82873824999996,293.276081,714.8174435,564.49319725,278.97313299999996
773.2414095,504.99878225,298.860371,748.8551335,448.55102825,282.504932,806.8078765,524.22018725,302.45637899999997,693.4082265,484.32791425,293.012043,713.5640185,564.04889225,278.940876
771.9922635,504.52398925,298.73506499999996,747.3101955,448.47436825,282.073536,805.5459595,523.76263725,302.41380699999996,692.1613385,483.81570725,292.755268,712.2560195,563.60156525,279.02662999999995
770.6841274999999,504.06598125,298.64174299999996,746.3892365,447.69574224999997,281.80556099999995,804.2418975,523.33883925,302.387257,690.8652725,483.27432525,292.542805,710.9174275,563.15845025,279.170399
769.3336335,503.62955024999997,298.573872,745.0820005,447.27865825,281.57118599999995,802.8798214999999,522.91247825,302.37724699999995,689.5530095,482.78522024999995,292.417286,709.5404585,562.71463325,279.281879
767.9552914999999,503.22592425,298.529896,743.7148285000001,446.88525625,281.45296099999996,801.4889525,522.51178225,302.360737,688.1758575,482.37741324999996,292.367176,708.1294255,562.31582925,279.289967
766.5501865,502.88275425,298.511738,742.3204655,446.53476224999997,281.49098599999996,800.0810695,522.16568225,302.331501,686.7728045,482.06244125,292.364033,706.7141115,561.96792825,279.19951199999997
765.1043855,502.60241924999997,298.52086299999996,740.8744355,446.22986125,281.62095999999997,798.6468355,521.86056825,302.311115,685.3344265,481.78357224999996,292.436359,705.2807615,561.65137025,279.066059
763.6453395,502.29135425,298.56224399999996,739.3979955,445.91034225,281.773853,797.1774295,521.5693992500001,302.327503,683.8861315,481.50287125,292.526081,703.8178715,561.34540025,278.96910499999996
761.7039645,502.51620725,298.413532,737.8844604999999,445.57571724999997,281.86299499999996,795.6774594999999,521.21963725,302.383472,682.3600235,481.19827525,292.58498,702.3137205,561.01340025,278.97322499999996
760.3826295,501.93793024999997,298.50636699999995,736.3146055,445.24908725,281.893909,794.1306305,520.85830925,302.47468899999996,680.7814715,480.87546025,292.62346299999996,700.7576825,560.71808125,279.07588599999997
758.9703525,501.25787625,298.794147,734.6892855,444.90790024999995,281.899799,792.5371705,520.50180325,302.588673,679.1579895,480.51187425,292.684711,699.1465985,560.38208225,279.313557
757.3115235,500.90286525,298.87526299999996,733.1365965,444.68240625,281.58739099999997,790.8806305,520.12674225,302.68935,677.4851835,480.16281425,292.76833,697.4895094999999,560.05664325,279.552387
755.6217655,500.54458925,298.960102,731.2786565,444.25882225,281.94798699999996,789.1800075,519.76715325,302.76948899999996,675.7780305,479.85202325,292.888081,695.8044965,559.73407225,279.748585
753.9065555,500.25747924999996,299.04979299999997,729.5021055,443.97561924999997,282.08439999999996,787.4726105,519.46387025,302.815266,674.0447315,479.64963025,293.062916,694.1253895,559.47806025,279.82478699999996
752.1886905,500.00876124999996,299.119831,727.3943174999999,444.03561625,282.254352,785.7727205,519.15518425,302.82957799999997,672.3163225,479.51178224999995,293.18996,692.5054705,559.27832325,279.769978
750.4989315,499.77310424999996,299.135761,725.9139405,443.49286125,282.462299,784.0955815,518.87066925,302.796314,670.5780795000001,479.41247825,293.25093499999997,690.9102175,559.10003925,279.58928299999997
748.8012845000001,499.50769325,299.125385,724.1390074999999,443.22540525,282.590259,782.4054265,518.56424225,302.770374,668.8371425,479.27582025,293.263935,689.3085635,558.91641525,279.386738
747.0502775,499.21426625,299.11357499999997,722.3523945,442.93942525,282.60078799999997,780.6771395000001,518.26492625,302.762897,667.0704264999999,479.04480225,293.187916,687.6343995,558.65783925,279.234241
745.2324825000001,498.83273625,299.072346,720.0667575,443.07394725,282.377338,778.8960725,517.87668125,302.769611,665.2491075,478.69565124999997,292.980488,685.8648685000001,558.32947025,279.14534399999997
743.3545995,498.41253924999995,298.988514,718.3517684999999,442.49859925,282.191181,777.0617215,517.46090925,302.76622399999997,663.3657075,478.25943225,292.70921699999997,684.0229725,557.93854025,279.11006499999996
741.4336855,497.97958624999995,298.902607,716.7790904999999,441.75329825,281.968616,775.1709135,517.04013325,302.75703799999997,661.4387515,477.79651125,292.451893,682.1391065,557.54675525,279.128559
739.4991155,497.56775124999996,298.84108299999997,714.8060375,441.38263225,281.76829899999996,773.2489475,516.62814625,302.73051799999996,659.4708975,477.44125625,292.293232,680.2577665,557.20401225,279.17607499999997
737.5271605,497.20862124999996,298.757679,712.7585835,441.05395725,281.63118399999996,771.3025815,516.23254625,302.653126,657.4847145,477.15957925,292.198383,678.3801425,556.91360725,279.157825
735.5398554999999,496.85858425,298.64931099999995,710.6624375,440.73797824999997,281.568958,769.3246615,515.8423182500001,302.518482,655.4450535,476.99231225,292.092152,676.4976885,556.6797202500001,278.990528
733.5071865,496.56122124999996,298.519611,708.5209355,440.45697325,281.543415,767.3061064999999,515.47857925,302.363117,653.3755955,476.82968424999996,291.983631,674.5849225,556.4682642500001,278.707813
731.4506985,496.22140724999997,298.388538,706.3805545,440.13455425,281.500812,765.2583775,515.08334625,302.226948,651.2755395,476.64514425,291.83198899999996,672.6294405,556.20968925,278.376575
729.3583525,495.83221725,298.253467,704.2567445,439.76306424999996,281.37093,763.1939695,514.6767912500001,302.106953,649.1768075,476.35892025,291.57554999999996,670.6067885,555.86844125,278.08174499999996
727.2605895,495.38144224999996,298.092792,702.1627735,439.32559425,281.14571,761.1132964999999,514.21683025,301.99242,647.0804255,475.92703524999996,291.29732099999995,668.5441585,555.46408325,277.85628099999997
724.9629215,495.21564025,297.716816,699.6496045,439.30377425,280.757832,759.0446935,513.72296425,301.899433,644.9937975,475.42450225,291.01271399999996,666.4709015,554.99475325,277.767445
723.2112885,494.30801625,297.70174,697.9846725,438.40347525,280.53898999999996,756.9708255,513.20889525,301.83549899999997,642.9117165,474.95242625,290.795185,664.4081955,554.54907525,277.784016
721.1739955,493.60492224999996,297.910938,695.8752515,437.95566025,280.33919099999997,754.9117885000001,512.69238525,301.75777,640.8238415,474.52014425,290.68080499999996,662.3917085,554.14938625,277.826038
718.9745945,493.42480724999996,297.57732,693.7581485000001,437.54492425,280.184803,752.8706055,512.20431825,301.633655,638.7526585,474.19342324999997,290.579395,660.4127195,553.76193525,277.77568399999996
716.9466625,493.03314524999996,297.431293,691.6455845,437.15222424999996,280.11040099999997,750.8442995,511.74081724999996,301.473835,636.7008665,473.88061825,290.471119,658.4820935,553.42959825,277.56627299999997
714.9085765,492.63119724999996,297.34968899999996,689.5215835,436.79553525,280.113087,748.8226775,511.31738525,301.352222,634.6250835,473.63675225,290.364338,656.5478325,553.1180752500001,277.285267
712.8600085,492.27258524999996,297.23265499999997,687.3979495,436.39993525,280.132404,746.8117215,510.90005725,301.233845,632.5479815,473.37161525,290.22020299999997,654.6005245,552.79059125,276.95125199999995
710.5431905,492.25439724999995,296.891437,685.2691195,436.03027625,280.058948,744.7830965,510.47409324999995,301.10326,630.4630395,473.07394725,290.04207199999996,652.6352805,552.45502025,276.621937
708.7262425,491.48410325,296.96056,683.1389385,435.62674225,279.989399,742.7469485,510.04806825,300.956196,628.3717685,472.77667525,289.858997,650.6502495,552.11130025,276.340382
706.6700595,491.08566525,296.87037999999995,680.9937434999999,435.27365425,279.927906,740.7182315,509.62338524999996,300.841541,626.2870715,472.48593424999996,289.784473,648.6732675,551.77795725,276.17824199999995
704.6393665,490.75976825,296.75246,678.8470235,434.94455224999996,279.900104,738.6908265,509.24081724999996,300.697346,624.2188535,472.29391725,289.721271,646.7363165,551.52429425,276.03193999999996
702.6135555,490.44909924999996,296.56673,676.6978685,434.68469525,279.813496,736.6913605,508.85367125,300.470356,622.1552395,472.16397324999997,289.61333099999996,644.8410034999999,551.28976725,275.78966099999997
700.6048125,490.14584625,296.353931,674.5413895,434.40365825,279.744709,734.6907195,508.47391024999996,300.218983,620.0848355,472.07684624999996,289.463123,642.9739835,551.10852325,275.44481299999995
698.5889285,489.85214525,296.12285199999997,672.3935015,434.14459524999995,279.616901,732.6768345,508.08825924999996,299.976246,618.0140915,471.98843625,289.236072,641.1144185,550.92819525,275.045216
696.5450285,489.54913625,295.849903,670.2496415,433.88043525,279.382954,730.6628725,507.73456124999996,299.715382,615.9473175,471.86490125,288.845844,639.2231525,550.7532982500001,274.570362
694.4915925,489.21939325,295.520893,668.1385045,433.58505525,279.024342,728.6436305,507.36395525,299.43809899999997,613.8665675,471.66223425,288.334705,637.2990265,550.51816025,274.031269
692.4334865,488.89068825,295.18431499999997,666.0453495,433.28192425,278.62114299999996,726.6177215,506.98678824999996,299.19444599999997,611.7854535,471.44458225,287.79326199999997,635.3597145,550.23987125,273.540913
690.3882595,488.54544325,294.892017,663.9788515,432.97870125,278.23076199999997,724.6177825,506.61825825,298.97819899999996,609.7565895,471.18518324999997,287.31374,633.4337195,549.95913925,273.14775499999996
688.3885345,488.23208925,294.62276099999997,661.9138105,432.72854924999996,277.83678,722.6569215,506.25604525,298.77626399999997,607.7429595,470.99914824999996,286.87208899999996,631.5684355,549.76227025,272.824573
686.4370425,487.95981125,294.354328,659.8518525,432.53476224999997,277.472431,720.7273715,505.91339424999995,298.560078,605.7473565,470.93252824999996,286.498493,629.7799035,549.64654825,272.590198
684.5229035,487.74627925,294.121418,657.7883565,432.40088125,277.187092,718.8184435000001,505.60348825,298.35860099999996,603.7923525,470.93585425,286.224811,628.0565075,549.59097525,272.419941
682.6139905,487.55597224999997,293.94075399999997,655.7288055,432.27472224999997,277.014545,716.9302135,505.31637824999996,298.197315,601.8439335,470.99057224999996,286.040058,626.3473835,549.58023325,272.25068999999996
680.7026595,487.39026125,293.745228,653.6695675,432.18915024999995,276.832996,715.0443805,505.06885024999997,298.009479,599.8853335,471.06470025,285.81172599999996,624.6182135,549.57760925,271.96223799999996
678.7645035,487.25366525,293.502369,651.6015895,432.11209325,276.59505099999996,713.1524045,504.83212525,297.808277,597.9083445,471.15231624999996,285.477924,622.8717285,549.57153625,271.589741
676.5420835,487.50268825,293.097217,649.5423965,432.04510725,276.362873,711.2498935,504.60400625,297.657856,595.9192395,471.21896625,285.12132599999995,621.1007045,549.54858625,271.220447
674.6822125,487.26736725,292.985706,647.5104905,431.95819324999997,276.204884,709.3680035,504.40451325,297.55830799999995,593.9658515,471.25751025,284.80830799999995,619.3494325,549.52380625,270.874683
672.9656375,486.86133125,292.98823899999996,645.5144465,431.86429125,276.06749299999996,707.5206605,504.20849925,297.443104,592.0356235,471.31296025,284.536182,617.5983085,549.50293225,270.501911
671.1123735,486.76526125,292.81181699999996,643.5289345,431.82403825,275.91792699999996,705.7109835,504.01483425,297.29368999999997,590.1533275,471.41339424999995,284.294575,615.9099805,549.5170312500001,270.165424
669.2770235,486.68802124999996,292.711506,641.5399935,431.80609425,275.853504,703.9120105,503.84192125,297.19316499999996,588.2716415,471.54248325,284.17909599999996,614.2516705,549.56235025,269.972736
667.4599305,486.57779224999996,292.659321,639.5566825,431.77829225,275.82246799999996,702.1170505,503.64520525,297.126057,586.4051145,471.71158125,284.105823,612.6341405,549.63089225,269.858814
665.6254735,486.45398224999997,292.58156199999996,637.5780835,431.72723625,275.748585,700.3198775,503.43030024999996,297.06010799999996,584.5240135,471.83099625,283.99593,610.9833825,549.68075825,269.751148
663.7799145,486.35486125,292.47502499999996,635.6081045,431.68713625,275.607624,698.5277715,503.21777625,296.98677399999997,582.6658345,471.91119625,283.846119,609.3247295,549.69922125,269.64851799999997
661.9849315,486.19076824999996,292.455921,633.6919405,431.61963125,275.531635,696.7671124999999,502.99145725,296.994312,580.8368675,471.94610824999995,283.751087,607.6670915,549.6576562500001,269.60112399999997
660.2357255,486.03601325,292.481647,631.8453565,431.51141624999997,275.543171,695.0580445,502.79736625,297.030353,579.0661795,471.95205925,283.734852,606.0571935,549.61044625,269.596912
658.2405625,486.32971425,292.281238,630.0821765,431.39486925,275.557423,693.4278485,502.55893225,297.045734,577.3825565,471.92941525,283.742084,604.5151535,549.53164925,269.587849
656.8070225,485.99521124999995,292.396107,628.3701555,431.30246224999996,275.646503,691.8889925,502.35565425,297.057056,575.7559815,471.96237425,283.84230399999996,603.0565425,549.46933225,269.621845
655.3635975,485.80182125,292.50542099999996,626.2485805,431.72348324999996,275.71275699999995,690.3942875,502.14361825,297.10063499999995,574.2171685,471.99463125,284.06422799999996,601.6597605,549.45028925,269.73534
654.1693115,485.37396524999997,292.67638,625.1022915,431.15304825,276.03837999999996,688.9613575,501.94278225,297.13921,572.7089005,472.07297024999997,284.30962,600.3106865,549.4315212500001,269.86342199999996
652.6042485,485.31906425,292.77437199999997,623.5496345,431.02871925,276.14894499999997,687.5454105,501.71969824999996,297.09972,571.2334365,472.10092425,284.45769099999995,598.9938655,549.38132025,269.914692
651.2211645,485.11108624999997,292.76228699999996,622.0594445,430.87546025,276.181812,686.1757585,501.42605825,297.064777,569.8342855,472.00491625,284.54249899999996,597.6772645,549.2393822500001,269.939686
649.8593215,484.83078224999997,292.743549,620.6546975,430.63769824999997,276.16252499999996,684.8202365,501.13473825,297.029591,568.4627495,471.83517724999996,284.55916199999996,596.3360965,549.03418225,269.936542
648.5466765,484.53970625,292.644978,619.3284705,430.32715125,276.047962,683.5327374999999,500.82074224999997,296.947437,567.1451245,471.55346925,284.48335599999996,595.0246215,548.75262725,269.85570099999995
647.2894025,484.21387024999996,292.506061,618.0543485,430.02014425,275.867084,682.2896115,500.48581225,296.819843,565.9004765,471.21411424999997,284.327656,593.7666515,548.41449225,269.73350899999997
646.1030765,483.84039525,292.354298,616.4042335,430.16629324999997,275.592182,681.1047055,500.13693524999996,296.667438,564.7234555,470.87439224999997,284.169514,592.5874095,548.05029525,269.58961899999997
644.9945835,483.52163924999996,292.194416,615.7016355,429.37198125,275.55940599999997,680.0002215,499.78845524999997,296.494648,563.5979465,470.61139225,284.048908,591.5100955,547.76941225,269.438068
643.9383355,483.24878225,291.987415,614.5643525,429.13183825,275.39293299999997,678.9552005,499.45340224999995,296.28700599999996,562.5177955,470.43338324999996,283.90349199999997,590.5248495,547.56613425,269.265675
642.9235195,483.01245424999996,291.763081,613.4587994999999,428.93329124999997,275.183918,677.9560775,499.13635525,296.058155,561.4895245,470.33294924999996,283.708393,589.6160935,547.40057625,269.084125
641.9494095,482.76715325,291.528278,612.3746455,428.74478424999995,274.940876,676.9896085,498.82867725,295.82356599999997,560.4735265,470.24612725,283.485767,588.7528265,547.25369525,268.89381799999995
641.0021205,482.52969625,291.273426,611.3489935,428.55688725,274.650349,676.0531995,498.52920824999995,295.59202999999997,559.4963765,470.16061625,283.213886,587.9185765,547.12198125,268.660236
640.0674435,482.29919724999996,290.99562399999996,610.3559445,428.37762725,274.317432,675.1421055,498.25509925,295.347858,558.5558965,470.05453724999995,282.85152,587.0874245,546.96899725,268.359608
639.1547315,482.07437425,290.66826199999997,609.3878505,428.20215125,273.94618599999995,674.2463075000001,497.98849724999997,295.060932,557.6328355,469.94064625,282.432148,586.2633355,546.81103825,267.956715
638.2839355,481.85928624999997,290.368366,608.4548335,428.01352225,273.61247599999996,673.3920135,497.75720524999997,294.791706,556.7462955,469.81381525,282.026478,585.4823395,546.63864425,267.51247
637.4258305,481.69861125,290.06987399999997,607.5366595,427.88070925,273.35466399999996,672.5881575,497.55517825,294.51659,555.8935505,469.75866924999997,281.63685999999996,584.7533595,546.50842525,267.021137
636.6229595,481.57947025,289.791492,606.6364055,427.77203625,273.167133,671.8275835,497.35464724999997,294.227375,555.0543745,469.76941224999996,281.304707,584.0664565,546.43359625,266.512745
635.8441735,481.46878325,289.478352,605.7840195,427.67679125,272.96294,671.0719375,497.17221324999997,293.91020599999996,554.2710805,469.80295025,280.948383,583.4535695,546.38846125,266.017719
635.1157495,481.31537125,289.185932,604.9645895,427.56839225,272.714436,670.3439175,496.97589424999995,293.615955,553.5233045,469.78702024999996,280.595081,582.8411045,546.31668325,265.59614899999997
634.4001575,481.14282525,288.92744799999997,604.1853615,427.44470524999997,272.39983,669.6418305,496.75488525,293.385181,552.7726135,469.74258725,280.27412799999996,582.2294585,546.22079725,265.30983299999997
633.8097455,480.96856925,288.481068,603.4481845,427.27322625,271.992725,668.9301685,496.51840525,293.181629,552.0591205,469.58230825,279.909107,581.5755355,545.9691192500001,264.961933
633.0830495,480.70602725,288.216663,602.7160105,427.09234925,271.513508,668.2068935,496.25891425,292.99803499999996,551.3409045,469.37842025,279.482868,580.8792635,545.79413125,264.85893599999997
632.3275295,480.44729924999996,287.98582799999997,601.9718355,426.89145125,271.06224399999996,667.4586945,495.99753024999995,292.85857,550.5698315,469.15805324999997,279.099537,580.1584135,545.60342625,264.771168
631.5660285,480.23501825,287.812916,601.2304124999999,426.68469525,270.740955,666.7011715,495.75699125,292.763019,549.8340985,468.97201824999996,278.81886699999995,579.4383125,545.43500025,264.65959499999997
630.8119965,480.06830125,287.665424,600.4369125,426.56363224999996,270.534229,665.9624095,495.55423225,292.632526,549.0848885,468.86453524999996,278.58354599999996,578.7454335,545.30264525,264.434223
629.7289775,480.24615724999995,287.304981,599.6141165,426.47705325,270.446064,665.2481995,495.38418824999997,292.49614299999996,548.3204155,468.84179925,278.409565,578.0610315,545.22122425,264.131855
629.2984965,479.84625524999996,287.414875,598.7905115,426.37781025,270.45097699999997,664.4952245,495.23440825,292.382404,547.5341335,468.87335425,278.312458,577.3927305,545.16681225,263.851429
628.3157345,479.88983425,287.311359,597.9346955,426.28064224999997,270.462116,663.7280045,495.07837225,292.308338,546.7337035,468.89615125,278.240681,576.7495895,545.22482525,263.804707
627.7096135,479.59237924999996,287.314838,597.0662655,426.17343424999996,270.411945,662.9354095,494.88754524999996,292.282337,545.9071155,468.84735324999997,278.150379,575.9971715,545.06250225,263.598957
626.7959005,479.38336425,287.420521,595.8153635,426.39917225,270.290424,662.1126095,494.65674125,292.313557,545.0605855,468.70892625,278.070454,575.1670745,545.02136525,263.74949999999995
625.9313525,479.15387225,287.439167,595.3440195,425.84076224999995,270.19325599999996,661.2673115,494.43014825,292.37706399999996,544.2159425,468.49457025,278.04378099999997,574.3048725,544.84079225,263.88075599999996
625.0821455,478.92319025,287.508137,594.4902835,425.63858324999995,270.16313499999995,660.4185565,494.19873325,292.47114899999997,543.3546675,468.27426425,278.096119,573.4267235,544.63608025,264.06435
624.2366775,478.75958525,287.593037,593.6124805,425.48926025,270.25304,659.5844535,494.01303325,292.53639599999997,542.4991035,468.13132025,278.231769,572.5798355,544.47864025,264.191486
623.3928715,478.60293824999997,287.697956,592.7335765,425.33258324999997,270.454304,658.7666095,493.83786325,292.58095199999997,541.6356815,468.04416125,278.45552399999997,571.7379055,544.34860525,264.258289
622.5593895,478.45871224999996,287.785511,591.8391145,425.21139825,270.677845,657.9316825,493.68863224999996,292.592518,540.8059845,467.95865125,278.699665,570.8971445,544.21640325,264.309803
621.7063775,478.32876825,287.880634,590.9515185,425.06140424999995,270.877979,657.0741195,493.52231125,292.640217,539.9564175,467.86212424999997,278.94286,570.0405345,544.0840782500001,264.40565899999996
620.8589915,478.17331225,288.00627499999996,590.0855155,424.91888724999995,270.992298,656.2190435,493.36310125,292.729786,539.0936885,467.73733825,279.12233299999997,569.1744485,543.94320925,264.55391299999997
620.0022105,478.01932024999996,288.116566,589.2199295,424.79407025,271.00935699999997,655.3765295,493.19943524999996,292.819263,538.2402425,467.56531025,279.222553,568.3112375,543.78732525,264.76811599999996
619.1572855,477.81888125,288.20183199999997,588.3843965,424.62369025,270.988056,654.5558055,493.01373524999997,292.91148799999996,537.3911935,467.36886825,279.27895,567.4456385,543.62420925,264.981312
618.3228495,477.66022024999995,288.30125799999996,587.5860635,424.45398224999997,271.04121799999996,653.7462615,492.85473924999997,293.029865,536.5818485,467.17608924999996,279.374866,566.5945725,543.46225225,265.17531199999996
617.5256615,477.55041724999995,288.423237,586.7753765,424.34360024999995,271.184559,652.9606055,492.77579025,293.123646,535.7754825,467.08246125,279.53837999999996,565.7873235,543.36880725,265.30391299999997
616.7419095,477.51809925,288.55940599999997,585.9463455,424.32174925,271.380726,652.1972965,492.72821324999995,293.18028599999997,534.9941295,467.07403825,279.75694599999997,565.0165105,543.31903325,265.37746
615.9814055,477.50570925,288.679035,584.5199245,424.99475325,271.35887499999995,651.4425275,492.66995525,293.22057,534.2315105,467.08014225,279.98299,564.2566625,543.31537125,265.427998
615.1945805,477.47140724999997,288.77837,584.3029655,424.26300325,271.84624099999996,650.6683925,492.60629524999996,293.298786,533.4347225,467.12015025,280.242298,563.4811055,543.31375425,265.54610099999996
614.3915995,477.41705625,288.90007399999996,583.4639475,424.24954525,272.00246,649.8597485,492.55960324999995,293.39458099999996,532.6128655,467.15109524999997,280.461048,562.6953885,543.31506625,265.71318399999996
613.5907975,477.35498325,289.004108,582.6229965,424.21853925,272.03984399999996,649.0389825,492.48910824999996,293.48213599999997,531.7821655,467.10776024999996,280.57957799999997,561.8751255,543.26901525,265.94453799999997
612.5863685,477.46081825,288.97029499999996,581.8238125,424.10229725,271.979175,648.2308385,492.33148424999996,293.60384,530.9835585,466.92517325,280.63689,561.0487935,543.15487925,266.235126
611.7950545,477.28143624999996,289.03429,581.0761875,423.92212225,271.915668,647.4497565,492.13116725,293.752338,530.1967165,466.70733924999996,280.65770299999997,560.2324375,542.98865025,266.534931
611.1210365,477.04068225,289.102711,580.3459645,423.73767325,271.918629,646.7036895,491.94714625,293.85457199999996,529.4334185,466.52151725,280.704731,559.4608655,542.78924825,266.750721
610.4644755,476.80905425,289.203663,579.6121175,423.60910325,272.005115,645.9975925,491.80377425,293.91826199999997,528.7193675,466.36127024999996,280.785267,558.7474635,542.63135025,266.80092199999996
609.8155685,476.59381325,289.335651,578.9050255,423.44400325,272.217182,645.3055425,491.66134925,293.966114,528.0151825,466.24573025,280.93407099999996,558.0438915,542.48343125,266.73430199999996
609.1607115,476.41617125,289.516621,578.1697365,423.31662224999997,272.48354,644.6404454999999,491.54278825,294.019459,527.3143315,466.18640424999995,281.11681,557.3749235,542.34802525,266.649799
608.5576415,476.23077624999996,289.555073,577.4296055,423.19714625,272.763538,643.9804385,491.39783024999997,294.076801,526.6319275,466.13009925,281.295307,556.7608605,542.23086825,266.608448
607.8009585,476.13238824999996,289.68874,577.1547295,422.58801524999996,273.049152,643.3167305,491.20975024999996,294.153889,525.9357375,466.07654125,281.47819899999996,556.1377835,542.09945925,266.64055199999996
607.2713075,476.00125425,289.724567,575.9924885,422.86276525,273.14226099999996,642.6406095,490.99582225,294.236744,525.2548375,465.92444125,281.661945,555.4903905,541.84604125,266.646625
606.6256285,475.73398125,289.84007599999995,575.3519615,422.58908325,273.276844,642.0072475,490.72741924999997,294.32851,524.6150815,465.67923225,281.81300699999997,554.8370475,541.58505525,266.791004
606.0166495,475.44510125,289.94676599999997,574.7399715,422.30710124999996,273.399525,641.3909725,490.46332025,294.429279,524.0125735,465.37286624999996,281.95527999999996,554.2026325,541.27942125,266.921314
605.2339435,474.90753424999997,289.93501699999996,574.2134475,421.96795925,273.55064799999997,640.8212705,490.17611925,294.521015,523.4486845,465.02682725,282.098408,553.3869325000001,540.68670925,266.960804
604.9147085,474.85846225,290.182239,573.6950795,421.62866525,273.744099,640.2790035,489.90741225,294.61873199999997,522.9100415,464.65149225,282.240955,553.0042495,540.58685525,267.02568399999996
604.2556455,474.45376825,290.19411099999996,573.1767735,421.30847424999996,273.959186,639.7441595,489.63824725,294.70115999999996,522.3774565,464.31061024999997,282.354633,552.3329275,540.10107725,266.956165
603.8299165,474.33389524999996,290.410602,572.6623405,421.00430524999996,274.18837299999996,639.2059475,489.41269224999996,294.798664,521.8350295,464.02377624999997,282.50419999999997,551.8707805,539.92746225,266.976856
603.2884295,474.06372324999995,290.54790099999997,572.0987855,420.73068524999996,274.404163,638.6891095,489.15124825,294.92506799999995,521.3011325,463.74539425,282.65660499999996,551.3597755,539.65924325,267.02962099999996
602.9594975,473.43496925,291.615162,571.5615615,420.41516425,274.576038,638.1354635,488.83786325,295.068531,520.7414245,463.47626025,282.811665,550.8249284999999,539.35000925,267.16929999999996
602.1714125,473.44122625,290.56920199999996,571.0519755,420.06012225,274.71025499999996,637.5850565,488.50598425,295.24400699999995,520.2035675,463.11249025,282.970356,550.2663385,539.02359325,267.37919999999997
601.8154045,473.12033325,290.520679,570.5447555,419.69858024999996,274.814686,637.0281825,488.17102324999996,295.47957199999996,519.6800845,462.65378024999995,283.118092,549.6552315,538.6234772500001,267.64329899999996
601.3827285,472.52432525,290.76219599999996,570.0807835,419.28253424999997,274.918415,636.4740525,487.82236025,295.73668299999997,519.1339495,462.16217324999997,283.314014,549.0171965,538.19107325,268.01091399999996
600.7798295,472.18420725,290.900349,569.6092835,418.86349724999997,275.080982,635.9118235,487.46029925,296.03603,518.6126174999999,461.64169625,283.57280299999996,548.3651615,537.75250525,268.406391
600.2582075,472.05548324999995,291.856922,569.0942195,418.46387024999996,275.374287,635.3374865,487.12973324999996,296.357044,518.0647585,461.15835825,283.96233,547.7014925,537.34607225,268.828358
600.2532965,471.17471624999996,292.829548,568.5304394999999,418.10516624999997,275.794269,634.7430535,486.84878825,296.67454899999996,517.4657975,460.78958424999996,284.385944,546.9921075,536.90103425,269.173054
599.3436815,470.50558724999996,292.792103,567.8750205,417.80377425,276.273395,634.0977475,486.55896225,296.995045,516.8250125,460.48089825,284.852985,546.3444745,536.60690525,269.497639
598.0466455,470.89233624999997,292.955463,567.2107465,417.45364624999996,276.856861,633.4167935,486.27643125,297.361896,516.1336365,460.17825625,285.401142,545.6426695,536.28515925,269.86323899999996
597.8825245,470.26681825,293.557453,566.5109715,417.11215525,277.46153599999997,632.7223094999999,485.96744025,297.788532,515.4461055,459.80224925,285.985889,544.8850285,535.90521525,270.280445
596.6190955,470.22445925,293.92332799999997,565.8386975,416.72836524999997,278.04396399999996,631.9954945,485.68609925,298.216968,514.7296145,459.41205125,286.59520299999997,544.0894205,535.53631825,270.77104599999996
595.9440355,469.94073725,294.551716,565.1309435,416.34588924999997,278.58723799999996,631.2523005,485.37506325,298.675434,513.9888155,458.94485725,287.22081399999996,543.2303615,535.10342625,271.383259
595.1158505,469.52188424999997,295.17445699999996,564.4154935,415.91385125,279.13994199999996,630.4671855,485.02090725,299.172718,513.2218395,458.42822524999997,287.896015,542.3339925,534.71615825,272.188862
594.3054055,469.13934624999996,295.716541,563.6697275,415.49112225,279.74150499999996,629.6444355,484.68573225,299.673054,512.4123455,457.92901924999995,288.61333099999996,541.3701475,534.2357812500001,272.872547
593.4759785,468.81112924999996,296.29979299999997,562.8842505,415.10702825,280.370747,628.7951465,484.39615125,300.14946399999997,511.5993495,457.44674925,289.335834,540.3896025,533.81833125,273.50703799999997
592.6070655,468.44510125,296.84822499999996,562.0787205,414.69488824999996,280.95409,627.9042245,484.09985624999996,300.625385,510.7268755,456.97848825,290.017322,539.3732145,533.39474725,274.130604
591.6856755,468.03772225,297.36342199999996,561.4517095,413.98706325,281.61327,626.9621585,483.74698125,301.139454,509.8292995,456.43582425,290.63921,538.2990955,532.94168325,274.82262
590.7139915,467.59735324999997,297.951435,560.6240845,413.50766224999995,282.04665,625.9813175,483.37762725,301.736134,508.9075315,455.80264524999996,291.221271,537.1590725,532.44134825,275.62929099999997
589.4367035,467.48251625,298.48256299999997,559.5848505,413.34030425,282.22322499999996,625.0125945,483.02627824999996,302.37962699999997,507.9743805,455.14395425,291.795734,536.0096015,531.93835725,276.541675
588.4914075,467.07193225,299.128559,558.7747575,412.89596824999995,282.635548,624.0628295,482.67499025,303.042469,507.0867085,454.47272024999995,292.450092,534.8931045,531.41797125,277.55199
587.5793005,466.68222325,299.79845,558.0259745,412.44147024999995,283.148762,623.1561755,482.33929724999996,303.715717,506.2240825,453.84765925,293.20409,533.8110885,530.93930325,278.55083099999996
586.7065485,466.36871625,300.541614,557.2383655,412.08258324999997,283.853138,622.2919145,482.06308225,304.42458,505.37570949999997,453.35675325,294.083607,532.7839505,530.52704125,279.534412
585.8684115,466.12173724999997,301.320454,556.4295385,411.79443625,284.708393,621.4368095,481.85199224999997,305.11394099999995,504.5523835,452.99383824999995,295.069782,531.8086095,530.21972925,280.464924
585.0467225,465.91083025,302.10069599999997,555.6001545,411.55279824999997,285.62535499999996,620.5770535,481.69150025,305.78288599999996,503.6973195,452.73446924999996,296.072163,530.8506165,529.95801025,281.298786
584.1948605,465.71884424999996,302.884937,554.7335625,411.34540024999995,286.544453,619.7060435,481.53219824999996,306.46223799999996,502.82883449999997,452.51907624999996,297.06087099999996,529.8968885,529.73724625,282.123341
583.3267965,465.55707025,303.68278899999996,553.8625415,411.14621224999996,287.42891299999997,618.8246445,481.38659924999996,307.16905599999996,501.9483495,452.30307224999996,298.04094299999997,528.9364015,529.53003225,282.98024399999997
582.4225985,465.39163525,304.47981599999997,553.0038075,410.95434824999995,288.247791,617.9275985,481.25174225,307.905079,501.0621105,452.04053024999996,298.97597099999996,527.9402235,529.32135325,283.90272899999997
581.5070945,465.20447025,305.221638,552.1574745,410.73715525,288.95717199999996,617.0192205,481.09961225,308.62138699999997,500.1747435,451.72238425,299.842426,526.8932805,529.08575725,284.858143
580.5896165,464.99981925,305.961414,551.3279385,410.49643225,289.59911,616.1122225,480.94192725,309.35191699999996,499.2929995,451.35672224999996,300.703754,525.8297195,528.82257325,285.893085
579.6690135,464.85187025,306.70784399999997,550.4755055,410.33423124999996,290.262043,615.2015515,480.80539224999995,310.071888,498.4158175,451.03955325,301.586597,524.7748105000001,528.59112825,286.945606
578.7918985,464.75686924999997,307.456531,549.6210635,410.24130525,291.001331,614.3197685,480.74704225,310.770985,497.53918450000003,450.86007924999996,302.514027,523.7713625,528.43673925,287.941914
577.9326285,464.74243425,308.15693999999996,548.7265735,410.21716625,291.760792,613.4448225,480.74878225,311.371357,496.65738650000003,450.81643925,303.40599399999996,522.8252865,528.40991525,288.768665
577.0684945,464.77649225,308.782307,547.8050115,410.23892524999997,292.53548,612.5626065,480.76333925,311.888966,495.7712865,450.90558124999995,304.236408,521.9252855,528.4516932500001,289.42222999999996
576.1870935,464.85156524999996,309.346699,546.8456645,410.32257325,293.262653,611.6785565,480.80853525,312.384144,494.8610075,451.04834224999996,304.989887,521.0553205,528.56509625,289.984058
575.2805535,464.92737124999996,309.872059,545.8583485,410.44369724999996,293.877796,610.7704505,480.87546025,312.84392199999996,493.9155505,451.22418525,305.61342199999996,520.1608505,528.71042125,290.453693
574.3028715,465.04034724999997,310.321369,544.8643185,410.54587025,294.32384099999996,609.8329825,480.94150025,313.300342,492.9488985,451.37295824999995,306.074848,519.2204975,528.84350825,290.941944
573.3185445,465.08600125,310.72526899999997,543.8802265,410.64108525,294.614582,608.8714175,480.99426524999996,313.735432,491.9437865,451.43869325,306.42686799999996,518.2392345,528.92908025,291.417347
572.3003085,465.17856125,311.112659,542.9054415,410.70947524999997,294.85069599999997,607.9133205,481.03143624999996,314.185322,490.9741365,451.47961725,306.74364099999997,517.2546465,529.03229025,291.949543
571.3341565,465.26816025,311.522266,541.9199605,410.84137225,295.146137,606.9662425,481.12552124999996,314.615284,489.9934235,451.61007924999996,307.068134,516.3019105,529.15167525,292.478321
570.3590795,465.44214124999996,311.875996,540.9117245,411.03784425,295.475819,606.0442865,481.23575124999996,314.985371,489.0099335,451.80670425,307.415424,515.3971715,529.35583725,292.871509
569.4167845,465.62237825,312.225208,539.8758435,411.24240425,295.909809,605.1265735,481.39419825,315.311176,488.0181275,452.12060825,307.76802399999997,514.5316165,529.60672225,293.13093899999996
568.4558565,465.83792424999996,312.581715,538.7911605,411.52069324999997,296.378834,604.1935205,481.52160925,315.610554,487.0138165,452.52612525,308.13539499999996,513.6973265,529.91614025,293.32185699999997
567.4887865,466.08096624999996,312.929798,537.7011605,411.80923724999997,296.877644,603.2733265,481.68652625,315.946552,485.99974050000003,452.96927124999996,308.52138099999996,512.8984375,530.26974725,293.51707799999997
566.5577675,466.28125224999997,313.256855,536.6482505,412.04757924999996,297.275135,602.3672545,481.83398725,316.253925,485.0138325,453.34842225,308.804554,512.0863725,530.5674162500001,293.743854
565.6032755,466.38910225,313.563312,535.6325455,412.21731825,297.560841,601.4637475,481.87396524999997,316.57909,484.0186695,453.62695625,309.04207199999996,511.2703325,530.80829125,294.048695
564.6584165,466.42062625,313.882404,534.6681445,412.30505625,297.792133,600.5741965,481.86963125,316.948902,483.0704655,453.74435725,309.269123,510.4046785,530.89703625,294.46660199999997
563.7601055,466.33938824999996,314.132282,533.7819485,412.28689825,298.03450399999997,599.7239725,481.82962325,317.348286,482.1728665,453.72824325,309.54283499999997,509.5389555,530.88775925,294.821369
563.4644625,465.89477825,314.573261,533.2518345,411.81488325,298.615498,598.9058545,481.77160925,317.69075399999997,481.3349685,453.64889825,309.783619,508.7037585,530.81927725,295.18980799999997
562.6572185,465.78253424999997,314.893604,532.4426995,411.74554724999996,298.87273,598.1433745,481.65256024999996,318.018513,480.5354155,453.55496524999995,310.067249,507.9135585,530.73083725,295.551899
561.9278644999999,465.69259925,315.25456599999995,531.6450275,411.69101224999997,299.27061799999996,597.4285455,481.55459824999997,318.350941,479.7663655,453.48355325,310.48918499999996,507.16259049999996,530.63028225,295.92137499999995
561.2533565,465.64593725,315.644001,530.8844905,411.63659924999996,299.80012899999997,596.7500355,481.49283125,318.65343099999996,479.0359645,453.52060224999997,310.982593,506.5154195,530.62860325,296.249683
560.6022495,465.62677225,315.943745,530.1770555,411.59076224999995,300.303883,596.1152744999999,481.40701525,318.869617,478.3775635,453.57300025,311.45115999999996,505.9188695,530.64923325,296.528706
559.9991955,465.53625725,316.21144499999997,529.5025405,411.52991025,300.721363,595.5043585,481.28525025,319.07298699999996,477.73960850000003,453.58438424999997,311.839863,505.3357925,530.57986725,296.80553
559.4429665,465.37533824999997,316.498096,528.8967975,411.39450324999996,301.031971,594.9511935,481.08951025,319.30992499999996,477.1445695,453.48459125,312.188587,504.7971495,530.45920025,297.129505
558.9538345,465.15951824999996,316.701191,528.3930055,411.19205024999997,301.262409,594.4370395,480.87689524999996,319.49605199999996,476.6332625,453.27502725,312.41466099999997,504.27696249999997,530.2337982500001,297.43989899999997
558.5101775,464.91928325,316.82692299999997,527.9877165,410.90368924999996,301.376911,593.9956835,480.65909124999996,319.606495,476.18300650000003,452.96774525,312.54506299999997,503.7954405,529.98953525,297.60893599999997
558.0694695,464.66937525,316.896107,527.5867535,410.65335324999995,301.408802,593.5737485,480.43435925,319.673145,475.7699435,452.64285524999997,312.613911,503.3311305,529.69314825,297.68407099999996
557.6957435,464.44232424999996,316.955036,527.2101975,410.40320125,301.493671,593.2020935,480.22833525,319.732593,475.3737255,452.37042525,312.682117,502.9059065,529.41159325,297.733631
557.3274954999999,464.25723525,316.976551,526.8336415,410.21515124999996,301.598347,592.8515335,480.04223924999997,319.74724199999997,475.0124815,452.20813225,312.734913,502.5609665,529.21881325,297.727741
556.9852945,464.11441325,316.949818,526.4412685,410.07257325,301.6339,592.5226875,479.85953025,319.696735,474.6506195,452.14667025,312.74339699999996,502.3135605,529.11358925,297.654224
556.6817625,463.94162224999997,316.879139,526.0411305,409.94870225,301.604969,592.2061535,479.63507325,319.609363,474.3196865,452.12912224999997,312.69917699999996,502.1179125,529.03650125,297.57356599999997
556.3983235,463.71557924999996,316.80409599999996,525.6866915,409.79266624999997,301.49870699999997,591.9117255,479.37588725,319.530964,474.0131225,452.05026525,312.618977,501.9326405,528.91730025,297.525288
556.1325765,463.42706525,316.69392799999997,525.4050975,409.53757025,301.31120699999997,591.6401165,479.06686625,319.452717,473.7437895,451.84189125,312.430439,501.7210235,528.70047225,297.45882
555.8909035,463.07040624999996,316.518238,525.1905445,409.19119524999996,300.99510599999996,591.3953515,478.71188624999996,319.349964,473.4965745,451.46057425,312.09898799999996,501.4963915,528.37860325,297.31688299999996
555.6643795,462.64248925,316.33876399999997,525.0142595,408.79117125,300.61152999999996,591.1747625,478.31326525,319.254841,473.28700249999997,450.97174325,311.717426,501.2506105,527.96090925,297.156208
555.4549105,462.19845825,316.190449,524.8358535,408.37301924999997,300.29112599999996,590.9825595,477.90088125,319.189197,473.07532549999996,450.46985125,311.398762,501.0121845,527.50097925,297.019092
555.2414475,461.78354125,316.064289,524.6553805,407.96750125,300.084248,590.8070255,477.49771425,319.123646,472.8807605,450.00149825,311.14647299999996,500.8175735,527.06531025,296.86067599999996
555.0632705,461.41553024999996,315.950916,524.4650955,407.57892125,300.002369,590.6352055,477.10412825,319.029407,472.6944965,449.65860225,310.994923,500.6730495,526.69711525,296.637226
554.8931545,461.05157725,315.874866,524.2748564999999,407.18481725,300.02013,590.4832255,476.69766525,318.94856599999997,472.52914450000003,449.36392524999997,310.934254,500.5602565,526.32458725,296.421253
554.7617645,460.62494125,315.873646,524.0906445,406.77127325,300.115772,590.3393035,476.24017625,318.916431,472.3755725,449.04208624999995,310.946125,500.5019375,525.97027825,296.300617
554.6520425,460.11828925,315.86934299999996,523.9377825,406.30258425,300.16939199999996,590.2242885,475.72674824999996,318.892994,472.2552105,448.66507225,310.938984,500.46036549999997,525.53589125,296.226246
554.5707165,459.58362124999996,315.830982,523.8614275,405.74493724999996,300.139698,590.1367745,475.16052525,318.883228,472.1756135,448.12076025,310.88975899999997,500.4213105,524.99344125,296.202564
554.5157855,458.92322025,315.85850899999997,523.8385695,405.08978525,300.060139,590.0600525,474.53433524999997,318.934467,472.1349185,447.36969224999996,310.86333099999996,500.3012315,524.29339825,296.285419
554.4553035,458.17105325,315.94102899999996,523.8737565,404.34634624999995,300.002644,590.0080405,473.85589825,319.049,472.0942235,446.49414325,310.851765,500.1522675,523.51178225,296.42830299999997
554.4135665,457.43802124999996,316.00902199999996,523.9151535,403.56326525,300.001331,589.9585315,473.15887725,319.16853699999996,472.0555875,445.58240025,310.83449199999995,499.9735945,522.66009825,296.557392
554.3380895,456.66183724999996,316.1198,523.9269485,402.81161725,300.005451,589.8960065,472.46707425,319.298786,472.0137325,444.65234625,310.894886,499.80210850000003,521.81045825,296.68028599999997
554.2927665,455.90820625,316.27952999999997,523.9382245,402.01861825,300.143848,589.8312635,471.74634025,319.46669399999996,471.98042250000003,443.80054025,311.072834,499.6633145,520.99539425,296.90196599999996
554.2798575,455.12353824999997,316.51106599999997,523.9061055,401.30212624999996,300.32057599999996,589.7911045,470.98352324999996,319.673664,471.9700165,442.99640124999996,311.349781,499.5922855,520.20984125,297.212971
554.2801975,454.32547224999996,316.737507,523.9101945,400.50717425,300.529743,589.7715305,470.20212025,319.881245,471.9732205,442.18884525,311.636463,499.5760115,519.41910025,297.53828799999997
554.2960204999999,453.49878225,316.962879,523.9383395,399.68970025,300.69444599999997,589.7629065,469.38132025,320.11641299999997,471.9960865,441.31170925,311.89424499999996,499.5489655,518.55890125,297.866016
554.3457645,452.56100725,317.260181,523.9578625,398.86749525,300.845966,589.7795305,468.49908725,320.41630899999996,472.0524595,440.29193425,312.19878,499.48621349999996,517.59070125,298.240284
554.3788875,451.61792225,317.616352,523.9971235,398.00207824999995,300.992207,589.8027255,467.62390424999995,320.77806499999997,472.1030655,439.19662725,312.528126,499.4103625,516.58185125,298.664478
553.7432975,451.20367725,317.865162,524.1070095,397.01724525,301.23949,589.8385805,466.70572124999995,321.11787799999996,472.17296650000003,438.03790525,312.82976099999996,499.3349075,515.50937125,299.078327
553.8133124999999,450.20157125,318.220692,524.2735135,395.94424725,301.59007599999995,589.8939445,465.74698125,321.479938,472.2405925,436.87716925,313.20229,499.2679445,514.4195892500001,299.490955
553.8757595,449.15423825,318.650867,524.3670275,394.91559125,302.02696599999996,589.9421145,464.79846425,321.869648,472.3154755,435.75937124999996,313.68526099999997,499.2350465,513.31756825,299.946827
553.9716725,448.15829725,319.133655,524.4895475,393.85190124999997,302.57692299999997,590.0029095,463.82266525,322.295704,472.3819585,434.70053325,314.272022,499.2349095,512.27908625,300.445972
554.0360795,447.14139025,319.576893,524.5581815,392.82232925,303.096485,590.0659405,462.82809725,322.693745,472.4899975,433.63189925,314.798908,499.2800365,511.21918024999997,300.895893
554.1631165,446.03110024999995,319.99415999999997,524.7071225,391.69412524999996,303.564533,590.1580695,461.74710324999995,323.06422799999996,472.5988235,432.50421424999996,315.29027199999996,499.33466350000003,510.09256224999996,301.328144
554.2822575,444.87338524999996,320.433338,524.8719785,390.50601424999996,304.00377299999997,590.2750185,460.62631525,323.474781,472.74055450000003,431.25244425,315.76775,499.3903575,508.88083124999997,301.79774799999996
554.4399795,443.65756525,320.886829,525.1168064999999,389.23303525,304.439716,590.3900095,459.47915924999995,323.92128399999996,472.8802105,429.92209125,316.249256,499.4228745,507.59570625,302.31602899999996
554.6154745,442.40191925,321.29637499999995,525.3795015000001,387.93927225,304.80726999999996,590.5432925,458.27972725,324.318623,473.0878215,428.47030924999996,316.64406199999996,499.4602205,506.23388925,302.816212
554.8176425,441.08883925,321.668476,525.6617355,386.61291724999995,305.148884,590.7026725,457.06686625,324.658344,473.3160625,426.98889425,317.050037,499.4949725,504.80578925,303.23463799999996
555.0675015,439.78201525,322.05717799999996,525.9570615,385.23114325,305.559437,590.8839315,455.81164824999996,324.998859,473.5559765,425.50152825,317.499866,499.5714795,503.41952825,303.709003
555.2788845,438.46942425,322.447681,526.2512515,383.83032525,306.041767,591.0846305,454.53360225,325.34443999999996,473.7744445,424.07321425,317.98076199999997,499.6966935,502.01858825,304.110126
555.5113375,437.13208225,322.75609199999997,526.5138165,382.43930324999997,306.455128,591.2804425,453.21145924999996,325.605457,473.9982605,422.66681224999996,318.375416,499.8563695,500.59613325,304.38307599999996
555.7441825,435.73593424999996,322.985981,526.7747955,381.02310424999996,306.77626399999997,591.4899545,451.85110725,325.809956,474.2538295,421.19006625,318.64750999999995,500.0393295,499.13479924999996,304.560902
555.9958195,434.25805925,323.186756,527.0669405,379.50397024999995,307.01982499999997,591.6964695,450.39755525,326.023884,474.4825895,419.64764625,318.8521,500.2218855,497.61285625,304.758778
556.2543225,432.69858024999996,323.416065,527.4231265,377.90204124999997,307.19969599999996,591.9219365,448.91385125,326.253132,474.74645250000003,417.99075625,318.958851,500.4009095,496.00052124999996,304.97346899999997
556.5370144999999,431.08655024999996,323.56352599999997,527.8145905,376.22272024999995,307.278309,592.1731995,447.36682425,326.461414,475.00523350000003,416.22131625,318.941059,500.5690075,494.28464025,305.121754
556.8407055,429.37854224999995,323.709248,528.2308575,374.51065324999996,307.267322,592.4306995,445.77243325,326.622028,475.3130725,414.31192325,318.892017,500.7219315,492.49167124999997,305.232349
557.1286545,427.64044425,323.813679,528.6623305,372.71023825,307.32246799999996,592.6957905,444.12460625,326.788776,475.6359555,412.36236825,318.88530299999996,500.8668285,490.61975325,305.30073899999996
557.4253655,425.89429025,323.948109,529.0945665,370.87430125,307.450947,592.9659965,442.46341225,326.911304,475.9546505,410.43243724999996,318.924946,501.0503085,488.74569925,305.308002
557.7295265,424.13482925,324.04069899999996,529.4915925,369.03695925,307.615284,593.2536535,440.75287125,327.008442,476.2831725,408.54355125,318.96669399999996,501.2766875,486.88138125,305.31987399999997
558.0656245,422.32617425,324.132923,529.8863065,367.15921325,307.792988,593.5438115,438.99737825,327.07246799999996,476.6012425,406.66797125,319.052265,501.5532305,484.99313624999996,305.28563299999996
558.4265255,420.46051324999996,324.21153599999997,530.2944645,365.24151924999995,307.971882,593.8653615,437.17199925,327.149952,476.9840625,404.72040024999995,319.129261,501.8635485,483.02743825,305.24174899999997
558.8042525,418.52402025,324.289112,530.7359695,363.24408224999996,308.13685999999996,594.1985745,435.29858624999997,327.204639,477.37190250000003,402.70389025,319.183002,502.1674495,481.01831325,305.144764
559.1829145,416.51858825,324.35954699999996,531.2250515,361.16092225,308.253712,594.5348255,433.36648825,327.292957,477.7697445,400.54193425,319.154896,502.4619215,478.91958925,305.03743399999996
559.5551755,414.42795025,324.455555,531.7409435,358.99206825,308.331928,594.8636325,431.38586725,327.409229,478.1592865,398.25430524999996,319.095234,502.6818085,476.67297625,304.99681499999997
559.9031565,412.30823025,324.553089,532.2988515,356.74728625,308.374287,595.2050625,429.35635625,327.54704699999996,478.5682375,395.85211425,319.062275,502.8748325,474.35013125,304.974811
560.2327765,410.06842324999997,324.66319599999997,532.8102075,354.54718325,308.43269699999996,595.5477955,427.31177025,327.70167899999996,479.0053325,393.42035225,319.084766,503.0418705,471.89557125,304.9146
560.6417045,407.89987425,324.811756,533.3477245,352.27871925,308.589771,595.8886965,425.26718424999996,327.86262899999997,479.4134365,391.04352025,319.21056,503.2721405,469.60586824999996,305.095509
561.0127755,405.74792725,324.989826,533.8125915,350.06186225,308.76314199999996,596.2217265,423.17447124999995,328.01280599999996,479.8082275,388.73224124999996,319.396839,503.5324025,467.32174925,305.286274
561.3880425,403.57742625,325.158894,534.2236905,347.88595825,308.96943999999996,596.5306895,421.07565524999995,328.145069,480.1993715,386.48218025,319.623218,503.8080295,465.08807625,305.445301
561.7378765,401.43439025,325.33937399999996,534.6316644999999,345.71875224999997,309.209888,596.8404985,418.97763325,328.302784,480.5751955,384.24826325,319.853138,504.0979695,462.86957025,305.58614
562.0695915,399.30462925,325.554554,535.0282935,343.54657225,309.421223,597.1423375,416.89471725,328.510273,480.9087525,382.01513925,320.017109,504.3674165,460.64285524999997,305.735279
562.4000015,397.12713924999997,325.771595,535.4506265,341.33642825,309.594135,597.4373355,414.78183225,328.748066,481.2714465,379.67257924999996,320.130054,504.5817795,458.36633524999996,305.8727
562.7133484999999,394.90606925,326.01640699999996,535.8998105000001,339.04956325,309.80229599999996,597.7122445,412.66144025,329.01622399999997,481.6182935,377.24933124999995,320.264637,504.7410965,456.02774324999996,306.028644
562.9824675,392.69028025,326.256245,536.4082335,336.68100225,310.06532699999997,597.9640674999999,410.56512725,329.271259,481.9327695,374.83316325,320.417377,504.86141250000003,453.67685224999997,306.204609
563.2628745,390.47717524999996,326.50359,536.7756615,334.44653625,310.297535,598.1869235,408.46814224999997,329.521961,482.22857650000003,372.42877425,320.640583,504.98361950000003,451.31332625,306.420521
563.5142975,388.30716225,326.77720999999997,537.1011275,332.24191525,310.56981299999995,598.4047805,406.36911325,329.76314199999996,482.5069425,370.08133225,320.91276899999997,505.1279675,449.00448925,306.679066
563.7791715,386.14975225,327.07924299999996,537.4205395,330.03314524999996,310.920978,598.6027005,404.27460025,330.018146,482.77291149999996,367.81247225,321.26106599999997,505.2830125,446.75955425,306.94884099999996
564.0117135,384.01532225,327.31901899999997,537.7156445,327.83517724999996,311.25243,598.7827845,402.18622124999996,330.252857,483.0349575,365.53479224999995,321.589436,505.3984525,444.48910824999996,307.179127
564.2083745,381.82666324999997,327.555012,538.0323525,325.58829025,311.53013999999996,598.9455205,400.06204525,330.46919599999995,483.2837295,363.18381024999996,321.88097,505.4820095,442.17047425,307.390949
564.3942965,379.54489424999997,327.839954,538.3233984999999,323.29306325,311.75807599999996,599.0722065,397.90823624999996,330.728229,483.5105135,360.73300424999996,322.12224199999997,505.4957425,439.78448725,307.641163
564.5384385,377.24237324999996,328.137409,538.6385305,320.97177424999995,311.903309,599.1649575,395.73440825,331.032398,483.7163775,358.18643425,322.308491,505.4415965,437.33578724999995,307.956867
563.9064335,376.20331124999996,327.83302699999996,539.5724755,317.47085825,312.890308,599.2404994999999,393.55166925,331.345081,483.8737645,355.58221725,322.47682599999996,505.3564915,434.94110324999997,308.37447
564.3791445,373.01376625,328.582905,538.8807675,316.49197625,312.16484399999996,599.3044685,391.35830925,331.63942299999997,484.0693585,352.92425825,322.655415,505.23337549999997,432.40475725,308.729328
564.0390965,371.44702424999997,328.520801,540.1774715,312.74885825,313.14998199999997,599.3607895,389.16864325,331.932423,484.2507855,350.30749825,322.89452,505.1285095,429.90912125,309.099384
564.3651355,368.81195325,328.98634699999997,536.4676095,315.75784525,310.32658799999996,599.4181925,386.99338025,332.213978,484.4004445,347.81753825,323.218983,505.0571595,427.47180425,309.478321
564.3779165,366.41199025,329.458668,541.4009665,307.31032025,314.075855,599.4845365,384.84945925,332.444508,484.5538105,345.40439125,323.575184,505.0361175,425.10553224999995,309.812305
565.1208805,363.64523625,329.758442,537.5278895,310.65637425,310.979694,599.5572925,382.67785925,332.65105,484.7345275,342.97857925,323.894459,505.0452425,422.73501825,310.12697199999997
565.5031315,360.99524225,330.178944,537.8559305,307.87173724999997,311.766102,599.6289255,380.49536424999997,332.857258,484.9030915,340.57168824999997,324.173817,505.0530475,420.38147225,310.38512
565.5696185,359.10318225,330.134602,538.9533235,304.44139325,312.67049,599.6974745,378.34869625,333.04936599999996,485.0381925,338.19159225,324.441639,505.0418165,418.03583025,310.58687199999997
565.6811755,356.80798625,330.36861,540.7866215,300.49241925,313.529133,599.7359495,376.23315725,333.198048,485.1699145,335.79672524999995,324.63676799999996,504.9975505,415.66022024999995,310.72002
565.4043195,354.85821825,330.514973,540.5310475,298.41272225,313.83558999999997,599.7843685,374.07110824999995,333.33449199999995,485.3191685,333.34091424999997,324.772877,504.9381945,413.25146724999996,310.77138099999996
565.4998265,352.60254125,330.60835599999996,542.3876645,294.13449325,315.009296,599.8314605,371.89987425,333.414967,485.4417195,330.88217425,324.87895599999996,504.89052549999997,410.82467925,310.774952
565.3018345,350.81830125,330.515491,542.1639095,292.32098625,314.91792699999996,599.8928175,369.74548625,333.480884,485.62589249999996,328.41577424999997,324.974476,504.8571395,408.41354624999997,310.758533
565.3821015,348.52353124999996,330.63985099999996,541.0759465,291.70247125,314.09618,599.9576465,367.60476925,333.50636699999995,485.7746885,326.02435525,325.05904,504.8565595,406.01910625,310.74013099999996
565.8878005,345.83279725,330.773823,540.6775285,290.38988025,313.406971,600.0302995,365.42758425,333.488728,485.9642795,323.58874825,325.07493999999997,504.8677905,403.61960124999996,310.677875
565.5930155,344.23511025,330.41774399999997,539.3093075,289.97619925,312.343281,600.1177245,363.20086925,333.485004,486.1241605,321.13003825,325.02952999999997,504.8966445,401.19891624999997,310.651478
566.1670835,341.21316824999997,330.756489,540.0532575,287.04281925,312.573627,600.2138745,360.96289325,333.513874,486.3083195,318.66080024999997,324.968983,504.95797749999997,398.80432425,310.72502499999996
566.7296845,338.30185224999997,331.010364,544.7014735,279.01867925,315.874897,600.3139065,358.72638225,333.565296,486.48411550000003,316.21203925,324.89671699999997,505.0284885,396.42218325,310.84477599999997
566.3619575,336.72314724999995,330.69713199999995,544.5288695,277.12887825,315.603748,600.4081035,356.50451925,333.560902,486.6390455,313.78403025,324.81636399999996,505.0703275,394.01370525,310.87929099999997
566.6620144999999,334.31552424999995,330.665455,545.0502095,274.61281125,315.55974199999997,600.4905315,354.28393825,333.538502,486.8442915,311.29342925,324.78786099999996,505.0876385,391.58188125,310.831715
567.0636955,331.50461125,330.95149599999996,544.4424895,272.99402125,315.490589,600.5555835,352.10623425,333.508961,487.0083995,308.88180825,324.79463599999997,505.0914685,389.16983324999995,310.740192
566.5769745,330.39578524999996,330.33131799999995,543.0382575,273.03268725,313.960743,600.6198595,349.95962825,333.443134,487.1987615,306.44853525,324.778309,505.0785985,386.76907624999996,310.575947
566.9716185,327.53055125,330.623859,543.2563975,270.75584725,313.90916799999997,600.6791495,347.78537224999997,333.36580299999997,487.3654405,304.00705225,324.68343,505.06001249999997,384.34195224999996,310.353504
567.3078135,325.14728025,330.428211,543.5298275,268.37785625,313.808918,600.7383945,345.56637824999996,333.297413,487.5241395,301.51599425,324.527271,505.03205149999997,381.89642625,310.172413
567.4941845,322.58142325,330.52898,541.9594845,268.49559325,311.993549,600.7868815,343.33011124999996,333.292622,487.6632915,299.01584125,324.361805,505.0141525,379.44473525,310.122394
567.2696035,320.55432425,330.437397,545.0590135,262.45112925,314.091724,600.8527005,341.08871725,333.290485,487.82642350000003,296.49678325,324.171497,505.0141225,377.02020525,310.10988199999997
567.5655615,317.70859025,330.740925,546.5840535,258.61020125,314.746174,600.9204895,338.85727225,333.29463599999997,487.9702605,294.01503225,324.015644,505.0292745,374.59830024999997,310.116047
567.9603065,315.33679424999997,330.597675,542.1215365,261.86851724999997,311.495838,600.9866125,336.63745424999996,333.285328,488.1256105,291.54423825,323.967426,505.0242385,372.16263125,310.07085
567.7828595,313.71451025,330.21919599999995,542.8945995,259.08696225,311.700092,601.0552005,334.47351325,333.250538,488.3312985,289.09843725,324.012836,505.0174715,369.72992224999996,309.96953199999996
567.7537235,311.49215925,330.320423,543.0735585,256.88209825,311.800617,601.1311575,332.34045725,333.172504,488.5313875,286.67644025,324.068012,504.9857255,367.29275824999996,309.771961
567.8883405,309.29956325,330.24666199999996,547.3785055,249.64706725000002,314.901386,601.2030335,330.20611825,333.063312,488.75363949999996,284.21884425,324.10112399999997,504.9623795,364.83005025,309.557484
568.1595035,307.02254025,330.083088,545.6045155,249.66276825,313.619129,601.2718285,328.03445725,332.960957,488.9716795,281.73274525,324.053883,504.9533385,362.38070925,309.402515
568.1980815,304.72197225,330.11564999999996,547.5043605,245.28583025,314.852283,601.3514295,325.85007025,332.90935099999996,489.1941905,279.20575225,323.954273,504.9632795,359.93399324999996,309.361072
568.0605145,302.78161925,329.938312,544.7235835,246.91763525000002,312.101612,601.4455925,323.67941525,332.88600499999995,489.41529049999997,276.69661225,323.823627,504.9635925,357.50009424999996,309.39998199999997
568.3610225,300.47993725,329.78252,546.5562475,242.67491425,313.17875999999995,601.5422925,321.50613625,332.853352,489.61850749999996,274.23303525,323.67531199999996,504.9736095,355.08151525,309.43028599999997
568.5676935,298.01294225,329.87208899999996,545.7048115,241.95860525,311.906574,601.6452805,319.36688525,332.79756499999996,489.8436125,271.79017925,323.539875,504.98706849999996,352.69787825,309.389576
568.4439865,296.25455025,329.62440899999996,544.8488465,240.75162025,311.53090299999997,601.7507675,317.26520024999996,332.77351799999997,490.0894315,269.39500725,323.465809,505.01302350000003,350.35525824999996,309.28761699999995
568.8291355,293.61696125,329.960895,545.0277365,239.10466225000002,310.964863,601.8718315,315.24896524999997,332.722431,490.3423695,267.07756324999997,323.455982,505.0513915,348.04297125,309.101978
569.6779615,290.98649825,329.95644,549.5807765,231.94078325,314.169575,602.0033765,313.27090725,332.596973,490.6034695,264.80833725,323.425281,505.1051945,345.76468124999997,308.84736999999996
569.4172345,289.48759725,329.619465,548.1539495,231.76443725000001,313.07744199999996,602.1518795,311.29736625,332.449055,490.8923415,262.51845025,323.344898,505.1667935,343.50259624999995,308.604511
569.6932855,287.36668625,329.53984399999996,549.8771935,227.97156025,314.082294,602.3129765,309.27763625,332.389484,491.16882350000003,260.25216925,323.266163,505.2599185,341.26123325,308.53047599999996
569.8889025,285.31540225,329.461597,549.6153255,226.60071025000002,313.48402799999997,602.4765125,307.29101825,332.333729,491.4571835,257.98457625,323.15401099999997,505.3648835,339.04617625,308.555103
570.2590235,283.04863224999997,329.469379,549.9525795,224.44978625000002,313.42549499999996,602.6530065,305.34942925,332.24074199999995,491.7616425,255.74890425,323.00731299999995,505.4700545,336.88040424999997,308.557667
570.3863675,281.25526725,329.19893299999995,547.3473665,226.12474325,310.70125199999995,602.8327435,303.42140424999997,332.126392,492.0938265,253.56225825,322.84853,505.5862885,334.71808124999995,308.512836
570.3862595,279.54532125,329.04134,548.6313325,223.02192925,311.30836899999997,602.6744175,301.77611025,332.063587,492.4174495,251.42628725,322.75658,505.7220455,332.61752624999997,308.43037799999996
570.8884655,277.38255625,329.02559299999996,,,,602.8506675,299.95218124999997,331.97639799999996,492.69649549999997,249.38716425,322.649006,505.8621595,330.56772125,308.207783
571.1129765,275.52850625,328.887897,549.0359615,219.69378925,310.78023099999996,603.0332314999999,298.17064125,331.823444,492.9621885,247.39816525,322.502888,506.0015795,328.55780325,307.82271199999997
571.5514795,273.45415025,328.840198,548.2996785,219.10583725,309.896931,603.2154865,296.38421925,331.65401099999997,493.2347485,245.42517325,322.37318799999997,506.1501315,326.56567624999997,307.397724
571.1440045,272.32528924999997,328.48472999999996,551.8848155,212.76147725,313.333332,603.3755565,294.62652825,331.512073,493.49645250000003,243.48361425000002,322.26872599999996,506.2977525,324.61697625,307.06792099999996
571.4508405,270.42013825,328.391285,551.7421875,211.79579425,312.365406,603.5342885,292.85228225,331.427753,493.7455745,241.50926525,322.13237399999997,506.4431615,322.68075825,306.931629
571.6530325,268.80671925,328.018909,,,,603.7146805,291.02759025,331.38814199999996,494.0171285,239.48598025,321.97533,506.5814745,320.71014625,306.95775199999997
572.7238485,265.62131025,328.700855,553.4866905,206.61908225000002,313.00395599999996,603.8892085,289.20631725,331.37044099999997,494.2741855,237.48733825000002,321.86143899999996,506.70397149999997,318.75976825,307.086567
572.8546165,263.69262925,328.842152,552.6644825,206.21837125000002,311.79732099999995,604.0416695,287.42302225,331.38194599999997,494.5567165,235.46867625000002,321.84502,506.8183745,316.80777224999997,307.266254
572.7871745,262.50172725,328.421863,552.9985005,204.35922525,311.8102,604.1670795,285.71155025,331.39571,494.8194965,233.51858825000002,321.89293299999997,506.89810950000003,314.89142125,307.356434
572.8666535,260.83867125,328.440357,551.7120785,204.53897325,310.47612399999997,604.3046035,284.01616125,331.391285,495.0529095,231.62655925,321.97304099999997,506.9659725,313.00426025,307.339405
573.0105415,259.17686725,328.40849699999995,553.5562365,200.81206025,312.036854,604.4248965,282.36944825,331.358021,495.3019335,229.73831425,322.07829699999996,507.0273815,311.10875225,307.256855
572.9257605,257.76797725,328.350513,553.8442575,199.04565725,312.212788,604.5209335,280.75221525,331.364551,495.5126725,227.88537825,322.206715,507.0806275,309.24440225,307.209003
573.4024105,255.68147525,328.587208,556.1268465,194.80768125,314.12587299999996,604.6469415,279.10254125,331.40343099999996,495.71200550000003,226.05202025,322.30012899999997,507.1402055,307.43617525,307.251331
573.5546225,253.99751525000002,328.606434,554.3537365,195.57928725000002,312.31825599999996,604.7695145,277.45683525,331.42933999999997,495.9086455,224.24884325000002,322.296406,507.2140735,305.67343425,307.34779699999996
573.3371465,252.68214725,328.534046,555.0568545,193.41022025,312.555256,604.8768605,275.85229725,331.45811799999996,496.09443650000003,222.46741025,322.299152,507.3132475,303.93417625,307.455463
573.8876495,250.69301125,328.686237,554.3387415,192.55467525,312.29918299999997,605.1980935,274.12724525,331.52180899999996,496.2832645,220.75165025,322.333912,507.4214635,302.22095025,307.555256
574.0870835,249.12227125,328.70036699999997,556.6532515,189.01057725,313.35448099999996,605.3301545,272.62041025,331.51811599999996,496.4936905,219.10077125,322.351795,507.51896650000003,300.56680525,307.50185
574.1160065,247.78415225,328.564838,556.1064265,188.42100825,312.743427,605.4636985,271.17509725,331.42634999999996,496.7327045,217.45114425,322.34700399999997,507.6357955,298.93818925,307.32201
574.4234605,246.12810025000002,328.604633,555.5729715,187.55729925,312.523334,605.6051535,269.70727825,331.358204,496.9286805,215.85092425000002,322.31105399999996,507.7482145,297.31019825,307.139698
574.6262165,244.61627425,328.584583,555.8572385,186.00789125,312.538349,605.7509445,268.25441225,331.310932,497.14315750000003,214.22856425,322.275013,507.87589249999996,295.70559925,307.059986
574.8153835,243.11007925,328.54488,555.3494075,185.52868925,311.62624,605.9210465,266.80110425,331.269459,497.3349835,212.65344525,322.159534,508.0238805,294.14302325,307.064289
574.9323975,241.86072025,328.250202,555.4462814999999,184.21338125,311.350056,606.0901095,265.35628025,331.21101799999997,497.5550685,211.08522325,322.04704699999996,508.16841850000003,292.66490425,307.085194
575.1924415,240.21773025000002,328.41630899999996,556.1317785,182.15120925,311.77394499999997,606.2622575,263.95614925,331.184772,497.7598195,209.61279525,321.985615,508.3303525,291.21358025,307.187611
575.3891815,238.87944325,328.37449999999995,556.7681465000001,180.29292525,312.123218,606.4251385,262.62178325,331.146137,497.9987715,208.19781725,321.998615,508.5068055,289.80926825,307.24623499999996
575.5838085,237.59064025,328.285328,556.9976925,178.98729225,312.09752299999997,606.5876735,261.34909325,331.029652,498.1957475,206.88438725,321.965595,508.6460805,288.47168225,307.126057
575.8008075,236.28633425,328.186573,557.2628445,177.67166425,312.07048399999996,606.7446835,260.10306025,330.875996,498.3974225,205.56589025,321.90101999999996,508.7591855,287.12344625,306.902241
575.9669115,235.04249825000002,328.058094,557.5414695,176.37248525,311.998615,606.8941865,258.87195125,330.759998,498.6377185,204.18908925,321.811787,508.8750075,285.73738325,306.70537199999995
575.7026885,234.52960425,327.428608,559.5945355,173.05365225,313.326099,607.0471325,257.67402925,330.664478,498.8805085,202.79173525000002,321.640064,508.9563905,284.36381825,306.52568399999996
575.7979835,233.39639525,327.245228,555.6470605,176.50468725,309.88982,607.2065924999999,256.50129925,330.535053,499.1029285,201.42666925,321.414448,509.0602265,283.03753925,306.37682
576.5190065,231.36259725000002,327.67107,556.2163965,174.86658725,310.082996,607.3503355,255.38409725,330.421894,499.3283695,200.11949425,321.20702,509.1769255,281.76553624999997,306.276295
576.6980535,230.25151325000002,327.560841,558.6239625,171.50872325,311.318134,607.5156825,254.29764025,330.33122599999996,499.5479045,198.91365325,321.07259,509.2920605,280.59942925,306.187122
576.8740215,229.21615825,327.434956,558.5440175,170.89717325,310.810993,607.6502205,253.29103325,330.197773,499.74550650000003,197.83851925000002,320.966144,509.4363475,279.50223024999997,306.055134
577.0369795,228.23881825,327.2831,559.0342674999999,169.47806825,311.095753,607.7924085,252.33281225000002,330.029652,499.9425205,196.81428825,320.834125,509.5592725,278.47308625,305.836658
577.4349685,226.93513725,327.30821599999996,562.2453005,165.25850925,313.124195,607.9184465,251.39754025000002,329.865681,500.1199955,195.79042325,320.63392999999996,509.6664735,277.44012725,305.586689
577.7077385,226.01051625,326.9547,560.0868375,166.78834025,311.24519699999996,608.0372935,250.45250225,329.725147,500.3247985,194.69002025,320.37218099999996,509.7539135,276.37958025,305.354877
577.5287155,225.27849125,326.770496,559.4779735,166.85926325,310.167652,608.1680145,249.53583025,329.61562,500.5326995,193.58781725,320.084797,509.8454285,275.31508125,305.21403899999996
577.1715455,224.95149525000002,326.337696,558.4278605,167.21461025,309.158466,608.2897345,248.68945625,329.502888,500.7341075,192.54832725,319.83903899999996,509.9330675,274.30208125,305.127705
577.6855775,223.68117025,326.439533,559.9633145,164.97888425,309.890064,608.4222345,247.87146225,329.420551,500.9395215,191.57803625,319.704639,510.0241165,273.38186925,305.056812
578.1228375,222.76613125,326.333424,562.3435215,161.98324825,311.237934,608.5490235,247.13559225,329.36531399999996,501.0945815,190.77311925,319.656818,510.12994349999997,272.59831525,305.028126
578.1097905,222.10003925,326.40925999999996,560.5404515,163.27521825,309.995838,608.6465195,246.47537525,329.282825,501.1998445,190.14242825,319.670826,510.25854449999997,271.93754825,304.97639799999996
578.1927755,221.52627825000002,326.368427,560.8663555,162.46641825,310.14131499999996,608.7240855,245.88568425,329.192524,501.2716365,189.60577625000002,319.69316499999996,510.3636095,271.37333925,304.86195699999996
578.2495135,220.79095725000002,326.558857,562.1151165,160.46882125,311.30391299999997,608.7848395,245.31860625000002,329.11623,501.3489915,189.07344325,319.69527,510.4310305,270.81625625,304.71687699999995
578.7016625,219.82136825,326.691059,560.7453425,161.58996825,310.02327299999996,608.8393625,244.77398925,329.069263,501.4303975,188.49632525,319.649189,510.48931849999997,270.21957625,304.59572199999997
578.4006065,219.86577125,326.20244199999996,560.8844835,161.00370325,309.93062199999997,608.8795025,244.25613625,329.041187,501.5353015,187.84311225000002,319.523029,510.5018695,269.60190124999997,304.48677399999997
578.4838795,219.26838925,326.203937,561.3134235,160.08763425,310.109425,608.9045135,243.77972725,329.059101,501.6031185,187.20628625,319.378376,510.47364849999997,269.02124325,304.455585
578.5031245,218.63739325,326.39818199999996,562.2940715,158.76404825,310.485279,608.9148705,243.32583925,329.125751,501.6451795,186.63168625,319.313679,510.44010149999997,268.48431625,304.563312
578.1520595,218.59648425,326.29283499999997,561.1794665,159.44327025,309.84813299999996,608.9159855,242.90855625,329.214252,501.6628645,186.19098125000002,319.356403,510.4227065,268.06389125,304.72252299999997
578.1341095,218.66841425,325.93965499999996,562.8277095,157.51957225,310.918171,608.9000925,242.58638225,329.289356,501.6384585,185.90474225,319.525349,510.4018865,267.75880725,304.870838
578.3914285,217.90359725000002,326.48711,562.9287145,157.07348125000001,311.332386,608.8460115,242.35107725,329.351582,501.5613255,185.75876125000002,319.78804399999996,510.3723145,267.56845325,304.96910499999996
578.2521495,217.73646825,326.676411,562.3510705,157.26058425,311.462208,608.7624365,242.17146525,329.409565,501.4562605,185.65733625000001,320.04472699999997,510.3139265,267.41168525,304.988972
578.0927604999999,217.79947125,326.573597,560.9108695,158.48196725,310.74242,608.6550015,242.00039925000002,329.484577,501.3372725,185.54446725,320.23747599999996,510.2176365,267.23712425,304.97417099999996
578.3346425,217.03294625,327.12154,562.0448795,156.98987825,311.80760599999996,608.5304404999999,241.85141225,329.584888,501.2342525,185.36230725000001,320.355793,510.0911025,267.04063725,304.98283799999996
578.3887745,216.76140125,327.25807599999996,558.2107085,160.84376025,309.135364,608.4138825,241.71547225,329.73350899999997,501.1429745,185.15098125,320.467915,509.9434285,266.84617925,305.090687
577.8534875,217.11987525,327.151142,562.1032335,156.43200225,312.222431,608.3068895,241.59109725000002,329.910999,501.0510405,184.93918925,320.593464,509.7875675,266.66229525,305.286091
578.2769035,216.44131725,327.576466,559.1865045,159.46962225000001,310.027546,608.2050905,241.48730725000001,330.08781799999997,500.93309750000003,184.80053225,320.755024,509.6613005,266.54762525,305.527271
577.5234735,217.26394925,327.245075,559.8746185,158.45540125,310.990284,608.1177485,241.42288525,330.24623499999996,500.8143615,184.77959725,320.985889,509.58795150000003,266.52772825,305.780506
577.8049985,216.67911025,327.844837,561.7236675,156.35064225,312.693714,608.0396375,241.39113125,330.371845,500.7026515,184.88345625,321.26777999999996,509.5591355,266.61424525,305.99623499999996
577.4782295,217.03132925,327.832874,561.8285785,156.02112825,313.264271,607.9719345,241.38710325,330.475147,500.5675965,185.04675525,321.528522,509.5364605,266.73916925,306.14439799999997
577.4001905,217.08833625,327.93870899999996,561.2310795,156.66128825,312.935657,607.9106945,241.38827825,330.56068799999997,500.4547725,185.19699325,321.695209,509.51950850000003,266.86328425,306.24361
577.9328465,216.48253125000002,328.30571399999997,557.3484344999999,160.49808725,310.632587,607.8676095,241.38104525,330.642048,500.3668975,185.29567225,321.793323,509.5063705,266.94620025,306.314838
577.7064385,216.64117725,328.324848,559.4448015,158.36580925,311.99348799999996,607.8387905,241.36818225000002,330.726673,500.3133395,185.30966425,321.828358,509.4679715,266.96957625,306.375721
576.6960775,217.88458525000001,327.632099,557.9069175,159.96901225,310.857441,607.8181055,241.35817225,330.791004,500.3058775,185.22969325,321.826893,509.4060895,266.93370325,306.441212
577.4858395,216.64351125000002,328.481953,557.3176235,160.45106725,310.614582,607.8035225,241.34775025000002,330.833607,500.3154905,185.17695125,321.858967,509.3724595,266.88850625,306.52284599999996
577.2476805,217.07875325,328.136372,561.2669525,156.43733525,313.18373499999996,607.7937965,241.35646325000002,330.80940599999997,500.29656950000003,185.18894425,321.868549,509.35684249999997,266.90758024999997,306.55375999999995
577.4320545,217.02832325,328.044239,561.3924405,156.11833425,313.562183,607.7825895,241.35876725,330.77199199999995,500.26142849999997,185.24968225,321.886188,509.3709715,266.96795925,306.57820499999997
577.1741505,217.26172125000002,327.957661,559.3984565,158.26726825,312.04240799999997,607.7598725,241.37132525,330.71437399999996,500.2091675,185.36020125000002,321.90574999999995,509.3780895,267.06436425,306.552845
577.1582925,217.28567725000002,327.885853,557.2115745,160.45981825,310.612659,607.7284805,241.39729625,330.613544,500.1665115,185.46968325,321.845173,509.3863445,267.15350625,306.444141
577.0560625,217.47468825,327.626087,561.5104295,156.02237925,313.44472099999996,607.7005805,241.41668925000002,330.48042699999996,500.12908949999996,185.54567225,321.720844,509.3855975,267.20090025,306.256123
577.1458965,217.22453625,327.709858,561.7974355,155.80755125,313.363728,607.6845875,241.43445125,330.337696,500.1318205,185.55212625000001,321.558521,509.3663555,267.21133725,306.03624299999996
577.1345345,217.23576625,327.567768,557.8920515,159.86541225,310.548206,607.6698625,241.45447025,330.217182,500.12773849999996,185.54315425000001,321.38582199999996,509.3429185,267.19530025,305.823902
577.4616315,216.64108525,327.862415,560.2175255,157.56634025,311.845875,607.6470985,241.49800425,330.060169,500.1298215,185.51156925,321.142628,509.3128665,267.17018425,305.566181
577.0944195,217.30073825,327.19591099999997,557.0529935,160.70881125,309.74080299999997,607.6428545,241.54338325,329.862751,500.1087645,185.52792625,320.88521199999997,509.3138355,267.16981725,305.289539
577.4979855,216.72204825,327.451282,557.1050035,160.69945825,309.642628,607.6521995,241.58871725,329.671314,500.1123655,185.60330425,320.65749,509.3467715,267.24283125,305.02293799999995
577.1209585,217.53905025,326.742329,559.8637545,158.05904625,311.22563499999995,607.6760955,241.67689825000002,329.47938899999997,500.11431849999997,185.76684825,320.480976,509.4305875,267.38710325,304.773243
577.1922605,217.63136525000002,326.563221,557.8326455,160.29471125,309.677692,607.7236415,241.80514825,329.251575,500.1456905,185.97157525,320.27327299999996,509.5266345,267.58595525,304.484913
577.6773305,217.05488825,326.83052399999997,559.2148205,158.80676525,310.71999,607.7857465,241.93574825000002,328.987171,500.1925275,186.18121625,319.979298,509.6293415,267.76440725,304.15456
577.7359025,217.27530125,326.515247,559.6713675,158.87620025,310.227955,607.8647465,242.07892125,328.77791199999996,500.2520445,186.36975325,319.681995,509.7221525,267.96029925,303.84221299999996
577.3257255,218.12309525,325.87447,561.9460415,156.50995125,311.94206599999995,607.9167875,242.26080625,328.58610899999996,500.2940675,186.57319925000002,319.407947,509.77549750000003,268.15291125,303.53856299999995
577.3399025,218.33940425,325.61943399999996,559.4635965,159.55158525,309.588123,607.9312005,242.48677325,328.35518299999995,500.3091045,186.79385625,319.079456,509.8017425,268.35676825,303.176838
577.1984555,218.54738125,325.484241,560.5849305,158.59492725,310.120045,607.9259585,242.72105625,328.111195,500.3016735,187.03857725,318.720356,509.8319545,268.60623425,302.78889799999996
577.6202945,218.28637925,325.49974399999996,562.2417645,157.01130925,311.14448899999996,607.9400235,242.93060525,327.918171,500.2792665,187.29806825,318.385273,509.87334450000003,268.86793825,302.47896199999997
577.3162535,219.03033725,324.923145,557.0668445,162.56688925,307.39513,607.9650785,243.13257125,327.745563,500.2306445,187.62100525,318.08601799999997,509.9591675,269.19385024999997,302.23884999999996
577.4241395,219.19702425,324.722584,561.8597945,157.82312325,310.43629799999997,607.9930735,243.34248625,327.575855,500.2194905,187.94636825,317.813496,510.0416485,269.51411724999997,302.03038399999997
577.7484565,219.05517825,324.737934,556.6499485,163.56362425,306.455585,608.0340725,243.53886725,327.432728,500.2395555,188.23616325,317.58202,510.1456685,269.82496925,301.87999299999996
577.3388785,219.93429825,324.16161,561.7160115,158.38280025,310.006733,608.0859595,243.71618925,327.330677,500.2495495,188.50978325,317.38573099999996,510.2451095,270.09985625,301.750751
577.3926315,219.92784425000002,324.312366,562.0842055,158.15534525,310.260883,608.1310145,243.88849125000002,327.287891,500.2619705,188.75586225,317.238514,510.3316115,270.34715525,301.60954699999996
576.9088365,220.84602625000002,323.79832799999997,559.3341525,161.08231625,308.563129,608.1481995,244.08804625000002,327.26280599999996,500.2384335,189.00538925,317.140827,510.3657225,270.56526425,301.399708
577.7454105,219.70523325000002,324.727528,558.8970715,161.91212725,308.062397,608.1425805,244.27794125,327.256397,500.1891865,189.24417425000001,317.133045,510.37838750000003,270.74832425,301.171467
577.2553365,220.62909225,324.275898,557.7277985,163.06618725,307.719562,608.1200435,244.42851525,327.31242699999996,500.1399455,189.44793925000002,317.217182,510.3674855,270.92805725,301.05476799999997
577.7227995,219.90091225,325.01726099999996,556.0994185,165.16011325,306.256245,608.0982535,244.51399525000002,327.446369,500.0973815,189.57734925,317.374256,510.3555455,271.05220325,301.143787
577.2741525,220.65817525,324.699848,,,,608.0953285,244.53943125,327.637928,500.1110995,189.60150425,317.584186,510.35546850000003,271.11647325,301.439197
577.3354985,220.34791825000002,325.22179,561.0005955,159.76540625,310.449482,608.1058545,244.51115725,327.887684,500.1494445,189.52110525,317.84727899999996,510.3366625,271.09094525,301.890522
577.6987805,219.96342725,325.590015,560.3320165,160.82461825000001,309.517811,608.1125565,244.43999025000002,328.21058999999997,500.1986235,189.36563425,318.166828,510.2803495,270.97581725,302.46532099999996
577.3617135,220.39366425,325.593891,557.9597435,163.26126325,308.04335399999997,608.1175495,244.35960625,328.583393,500.2617795,189.16008225000002,318.597645,510.22085549999997,270.82577825,303.07671
577.9866925,219.40367425,326.586597,562.2768135,158.58861825,311.552265,608.1158245,244.28436525,328.985615,500.29377750000003,188.98501825,319.08430899999996,510.1384205,270.67169425,303.67479299999997
577.2670785,220.40799225,326.310291,559.1733285,161.35328225,310.513538,608.0794165,244.24574525,329.38628,500.2782515,188.86786125,319.65693999999996,510.0588455,270.54168925,304.197407
577.3174645,220.18396225,326.96101799999997,557.9932515,162.48298125,310.360981,608.0287475,244.21812725,329.801624,500.2346645,188.81909425,320.28368,509.97828649999997,270.44124125,304.62105199999996
577.2694755,220.17880525,327.45476099999996,,,,607.9799645,244.21394625000002,330.19633899999997,500.1958465,188.79597725000002,320.938343,509.9049915,270.37906125,304.965168
577.2442645,220.18802125000002,327.942341,556.6248815,164.05891725,310.33507099999997,607.9499325,244.22247625,330.580341,500.1384815,188.82748725000002,321.573292,509.8783265,270.33838125,305.317951
577.5419315,219.84512625000002,328.56569299999995,556.3314435,164.37752025,310.62611799999996,607.9276085,244.21798925000002,330.97157699999997,500.1279225,188.82176525,322.187122,509.8473735,270.31860625,305.745899
577.2137815,220.15843425,328.85475499999995,556.2484895,164.42093925,311.03795199999996,607.9154685,244.17866825000002,331.37218099999996,500.0917515,188.80148625,322.75188099999997,509.82003050000003,270.26347625,306.25471899999997
577.2140565,220.10472325,329.282917,559.6218075,160.27012125,314.712879,607.9039155,244.13556225000002,331.779468,500.1112515,188.71533425,323.249592,509.7829135,270.20866625,306.810596
577.2195035,220.05307225,329.64986,559.2568014999999,161.03008525,314.13921,607.8961305,244.09764325,332.120747,500.1044465,188.64328225,323.694233,509.7612535,270.15053025,307.311085
577.2396735,220.01745825,330.01750599999997,559.0764735,161.08475725,314.55040399999996,607.9125405,244.07316825,332.44566699999996,500.1415785,188.58291925,324.13155,509.7432635,270.09860525,307.76948899999996
577.2473225,220.02197525,330.336567,561.4962465,158.71585325,316.340015,607.9179525,244.07898225,332.73708,500.1350025,188.59021225,324.54726,509.7254025,270.08015725,308.09950599999996
577.2120805,220.31584425,330.33464399999997,558.7066655,161.66948225,314.767414,607.9155525,244.11758725,332.971973,500.1257015,188.63849125000002,324.899189,509.7188035,270.09031925,308.27772899999997
577.6677535,219.67492925000002,331.023853,560.8482935,159.17038225,317.040028,607.9165115,244.18138425,333.169971,500.1314395,188.70172425,325.16698099999996,509.7157365,270.13577525,308.38676799999996
577.2313865,220.18875425000002,331.04506299999997,558.8268395,161.54680125000002,315.558155,607.9227605,244.23800925,333.341846,500.1059645,188.78843925,325.35442,509.7287595,270.20080825,308.474232
577.2623615,220.39023125,331.000568,557.1392405,163.15402525,314.905353,607.9382945,244.28636425000002,333.52128999999996,500.0953525,188.86943325000001,325.472889,509.7632145,270.26849625,308.569691
577.8878915,219.40211725,331.881672,561.3094445,159.03481525,317.591053,607.9752425,244.32124625,333.682575,500.1062395,188.92671425,325.568561,509.8024525,270.32986725,308.71101799999997
576.8434505,220.81724825,331.23814799999997,557.3681335,163.33834325,314.745319,608.0198215,244.34360025,333.825825,500.1449665,188.95353925,325.68724399999996,509.84479550000003,270.37613225,308.914631
577.4201835,220.01608525,331.877857,561.6954725,158.71933225,317.99992699999996,608.0693205,244.34128025,333.942097,500.1972275,188.95015225,325.81962999999996,509.8854215,270.37982425,309.13795799999997
577.7813165,219.79062125000002,332.006,557.2671855,163.31964425,315.165211,608.1304305,244.33401725000002,334.05400499999996,500.2732085,188.92386125000002,325.979786,509.9272465,270.36050725,309.329914
577.4821375,220.30844425,331.80263099999996,558.7062835,161.93332225,316.17540399999996,608.1788055,244.34709425,334.144611,500.3415455,188.91464525,326.149677,509.9560695,270.33940425,309.430836
577.5397625,220.33006525000002,331.86915999999997,,,,608.2347745,244.36932625,334.185474,500.4168545,188.90713725,326.25361999999996,509.9919515,270.32542725,309.40282099999996
577.6834795,220.02661425,332.208942,557.8857955,163.11970825,315.472126,608.2892415,244.38820125,334.19759,500.4859085,188.89831825000002,326.298542,510.0369945,270.28866825,309.30220399999996
578.1832315,219.53143625,332.42931,558.2099605,162.97022525,315.468525,608.3645935,244.37164525,334.193623,500.5676045,188.88315125,326.262318,510.1223065,270.26443725,309.19762
577.6917685,220.58961725,331.595936,559.6144715,161.28644025,316.795795,608.4701095,244.33595525,334.221973,500.6583095,188.85937725000002,326.18913599999996,510.2495805,270.25677724999997,309.189106
578.2675495,219.91949725,331.92226,560.1986275,160.85238125,316.85002499999996,608.5861115,244.29823525,334.22682599999996,500.7676395,188.79832725,326.058186,510.3736725,270.21159625,309.213703
578.0238265,220.14113125,331.816608,560.9190525,160.12106625,317.21077299999996,608.7109455,244.23863525000002,334.216907,500.9059215,188.68254325,325.92918799999995,510.4822385,270.13066325,309.21712099999996
578.6077935,219.63699625,331.91313499999995,562.7105825,158.22882325,318.402454,608.8405515,244.15652725,334.216144,501.06095849999997,188.54449725,325.843128,510.5904615,270.02739225,309.210987
578.2936175,219.97478025,331.77791199999996,557.8144075,163.45987925,314.85918,608.9637545,244.09096025,334.22353,501.2054905,188.43564125,325.82838799999996,510.7177205,269.92557025,309.21849399999996
578.4151405,219.93164325,331.761524,562.0072514999999,158.95998625000001,317.981769,609.0809005,244.04802225,334.18638999999996,501.3408815,188.37408725,325.81834799999996,510.8538745,269.85563924999997,309.180134
578.5798145,219.81872825000002,331.783985,558.3676265,162.97679425,315.219044,609.2072995,243.99827825,334.12859,501.4646685,188.33705425000002,325.812183,510.9894795,269.78821025,309.078144
578.4256574999999,220.33938825,331.332813,561.8956105,159.64377125000001,317.18947199999997,609.3282985,243.96110825,334.078449,501.57937649999997,188.32736425000002,325.835102,511.1296845,269.74811024999997,308.954822
578.7990585,219.80414125000001,331.701282,559.9275625,161.80919125,315.738789,609.4434005,243.91711725000002,334.05693399999996,501.7005765,188.28961425,325.807056,511.2458955,269.69240025,308.823536
578.5943065,220.28981325,331.250141,561.9781955,159.67319025,317.12114299999996,609.5466115,243.87562825,334.013294,501.8041075,188.22008025,325.696888,511.3484495,269.62202725,308.674335
579.6530745,218.86879225,331.988972,,,,609.6447475,243.79725925,333.979938,501.9237595,188.07667825000001,325.561085,511.4409715,269.49412825,308.57909
579.1060355,219.52333325,331.56197,563.0215565,158.39531925,317.848804,609.7375405,243.69952625000002,333.979786,502.0515595,187.90201025000002,325.468952,511.5171125,269.35168725,308.583668
578.8969705,219.88365425,331.241657,558.6324115,163.40217825,314.03999699999997,609.8187485,243.61882325000002,333.98900199999997,502.1707075,187.73933725,325.450703,511.5815505,269.21100125,308.665424
579.2086295,219.43916625,331.514027,562.1729815,159.77207425,316.372272,609.8920805,243.56164825000002,333.99269499999997,502.2769015,187.62118825000002,325.50017199999996,511.6305845,269.09155525,308.732899
579.3841435,219.28261025,331.58250799999996,559.9002915,161.90491025,315.231769,609.9662715,243.51082125000002,333.97966399999996,502.3807445,187.53824125,325.59032099999996,511.6851195,269.00545024999997,308.777332
579.3505825,219.38650825000002,331.51845199999997,563.4773715,158.13712625,317.813831,610.0342145,243.46196225,333.966755,502.4589995,187.50084225,325.696796,511.7522585,268.93495425,308.801838
579.2289845,219.75209325,331.250904,563.1759375,158.56296025,317.546589,610.0954245,243.44253825,333.97355999999996,502.5319515,187.48767325,325.77995699999997,511.8137585,268.89879125,308.811756
580.0188785,218.73410325,331.84941499999996,563.3684315,158.22767925,317.9323,610.1493345,243.42000125,333.98076199999997,502.5886385,187.46011625,325.785328,511.8754345,268.87025725,308.796741
579.1753045,219.89744825,331.10310699999997,563.4892345,158.22124725,317.746784,610.2026795,243.37041025000002,333.99211499999996,502.6508335,187.38222025000002,325.720081,511.9266285,268.81129725,308.769611
579.3725625,219.29410025,331.60774599999996,560.3204765,161.84807825000001,314.947071,610.2471845,243.30389625,334.031727,502.7055515,187.27089225,325.628498,511.9603885,268.72131625,308.764576
579.4126225,219.23681925,331.632832,563.5470235,158.13720925,317.662891,610.2939245,243.25685425,334.08955799999995,502.7771455,187.14035325,325.595875,511.9859545,268.63008425,308.79628399999996
579.8162135,218.90780925,331.707478,563.3754925,158.42503625,317.369709,610.3497445,243.20460825,334.138081,502.8498155,187.03271725000002,325.626179,512.0195995,268.53894325,308.844227
579.9007535,218.83931225,331.732777,563.5507435,158.21628025,317.552357,610.4177495,243.14097825000002,334.148731,502.9431915,186.93924225,325.702076,512.0713195,268.43402325,308.892109
579.7776475,218.90353625,331.806629,564.6006145,157.26771825,318.10911899999996,610.4945185,243.07780725,334.181385,503.0474925,186.84973425,325.83739099999997,512.1404955,268.34987125,308.983753
580.7973745,217.88070925,332.28581599999995,559.8258975,162.40410125,314.69780299999996,610.5641005,243.03848525,334.22536099999996,503.1407315,186.77972725,325.974201,512.2066265,268.27447825,309.089954
580.8171735,217.91585025,332.291279,564.9654945,156.86934125,318.562916,610.6242055,243.00242925,334.260273,503.21430250000003,186.72607725,326.07255899999996,512.2625125,268.21281725,309.186146
579.9320635,218.83388025000002,331.898151,560.3368495,161.70025925,315.378895,610.6678865,242.95852925,334.263508,503.2748415,186.65896825000002,326.08800099999996,512.3046415,268.14377125,309.213032
579.8707545,218.85415925,331.880054,564.3274865,157.64937125,317.853657,610.6952435,242.89963025,334.301014,503.31384249999996,186.57373325,326.065571,512.3178865,268.06511224999997,309.231495
580.3901725,218.39700625,331.958668,560.3843425,161.61209325000002,315.30608,610.7106115,242.83409425000002,334.360706,503.3374635,186.46875225000002,326.03193999999996,512.3168795,267.98344725,309.265522
579.6420345,219.08656625,331.664814,562.7209395,159.26143925,316.62559899999997,610.7264995,242.76736725,334.40831399999996,503.3572155,186.34988625,325.98009099999996,512.3087315,267.88926925,309.296894
580.2850945,218.30769625000002,332.010151,563.4291805,158.40128625,317.197651,610.7469545,242.70178525,334.444263,503.3864055,186.23703225,325.961262,512.3113705,267.78941625,309.34734
580.5168815,218.07086425,332.103687,561.8792645,160.20011425,315.821217,610.7760065,242.63563825,334.489216,503.44374849999997,186.13261725,326.045643,512.3326795,267.69887024999997,309.44111999999996
580.3954835,218.36683925,331.901844,562.1774485,159.57830325,316.585133,610.8115685,242.58314825000002,334.53734199999997,503.5025865,186.07568625000002,326.188862,512.3684085,267.63284525,309.546589
580.5671225,218.17335825,332.056263,564.2623065,157.31482925,318.261829,610.8421565,242.55388125000002,334.546833,503.54902649999997,186.05591125,326.339161,512.4037555,267.58455125,309.59263999999996
580.8010935,217.87326325,332.238972,562.3964925,159.58922125,316.529926,610.8606015,242.51982425,334.53975299999996,503.5867235,186.02373025,326.449329,512.4198765,267.53149725,309.58671899999996
579.8314345,218.98004425000002,331.669544,564.1202645,157.71735625,317.793903,610.8676075,242.47174325,334.563984,503.5997465,185.96469425,326.505451,512.4121175,267.45485225,309.587727
581.1433705,217.22906725,332.643482,563.7641675,157.90456625,317.72786299999996,610.8543895,242.41385125000002,334.62062399999996,503.6045995,185.86096425,326.49443399999996,512.3901595,267.37414825,309.643574
581.1131205,217.15783925,332.665852,561.1025615,160.83669525,315.49666199999996,610.8341435,242.35771425000001,334.67924899999997,503.5927655,185.72929625,326.45253399999996,512.3623275,267.28665424999997,309.734943
580.3463925,218.11662525,332.038837,564.6043705,156.70203625,318.48256299999997,610.8123005,242.28480825,334.7206,503.5946805,185.60580725,326.419514,512.3330995,267.20212025,309.83043299999997
579.8025345,218.64561725000002,331.79515499999997,565.3007415,156.02435525,318.781361,610.7999945,242.22636725,334.763111,503.5979845,185.52667525,326.459125,512.3071675,267.13356325,309.923359
581.1567115,216.76201125,332.96858599999996,562.3144374999999,159.36238325,316.397388,610.7791805,242.19748225,334.796741,503.5759505,185.51668025,326.57796099999996,512.2858275,267.11036925,310.02074
580.4905205,217.60165625000002,332.53752499999996,561.6322055,159.90088925,316.250751,610.7496695,242.18690725000002,334.810993,503.53979449999997,185.53607425,326.695362,512.2599255,267.11232225,310.078144
579.8708515,218.47655025,331.976337,563.5014575,157.80748225,317.741199,610.7042375,242.16954325,334.808857,503.4855195,185.56486825000002,326.767628,512.2238765,267.12640625,310.10054399999996
